method,method_family,bit_width_label,source_users,run_count,prompt_count,seed_count,compression_ratio,peak_vram_gb,peak_compressed_kv_gb,avg_runtime_s_per_prompt,imaging_quality,drift_last_imaging_quality,psnr,ssim,lpips,psnr_delta_vs_bf16,ssim_delta_vs_bf16,lpips_delta_vs_bf16,drift_last_imaging_quality_delta_vs_bf16,runtime_overhead_vs_bf16_pct,peak_vram_reduction_vs_bf16_pct,compression_gain_vs_bf16,pareto_balanced_practical,pareto_quality_preserving_compression,pareto_systems_efficiency,pareto_quality_first,recommended_for,caution_label
FLOWCACHE_PRUNE_INT2,FLOWCACHE,INT2,vaishak,1,10,10,7.77737386027257,11.114484786987305,1.446150541305542,69.86769711636006,0.6370552464456268,0.633381224857677,15.259703132417702,0.4665929622890667,0.4825028877915588,,-0.5334070377109332,0.4825028877915588,-0.10603330254988252,19.283960436547165,42.35269851162653,7.77737386027257,True,True,True,False,Recommended: Single-GPU practical; Best aggressive-compression option,SSIM drops beyond the current tolerance. LPIPS increases beyond the current tolerance. SSIM drops beyond the current tolerance. LPIPS increases beyond the current tolerance.
FLOWCACHE_PRUNE_INT4,FLOWCACHE,INT4,vaishak,1,10,10,5.498061668232775,11.708349227905273,2.045676112174988,72.22105029141531,0.7269371415109346,0.7260502348003967,15.30039834083438,0.4568849647616718,0.4118665133282598,,-0.5431150352383283,0.4118665133282598,-0.013364292607162875,23.301801278774963,39.2725123289162,5.498061668232775,True,True,False,False,,SSIM drops beyond the current tolerance. LPIPS increases beyond the current tolerance.
FLOWCACHE_SOFT_PRUNE_INT4,FLOWCACHE,INT4,vaishak,1,10,10,5.4899017762036495,11.711381912231445,2.0487166941165924,74.99540415573865,0.7390279605749882,0.7382993720545913,17.673425812234832,0.5441752781228474,0.2974533407349901,,-0.4558247218771526,0.2974533407349901,-0.0011151553529682445,28.03840961492458,39.25678275880832,5.4899017762036495,True,True,False,False,,SSIM drops beyond the current tolerance. LPIPS increases beyond the current tolerance.
FLOWCACHE_SOFT_PRUNE_INT2,FLOWCACHE,INT2,vaishak,1,10,10,6.824545203105587,11.711381912231445,1.6480590403079987,76.11785025922582,0.6622621002428459,0.6583047121914949,15.83799356309482,0.4822011933943792,0.4398020301777586,,-0.5177988066056207,0.4398020301777586,-0.08110981521606464,29.954743230122094,39.25678275880832,6.824545203105587,True,True,False,False,,SSIM drops beyond the current tolerance. LPIPS increases beyond the current tolerance.
FLOWCACHE_NATIVE_SOFT_PRUNE_INT4,FLOWCACHE,INT4,vaishak,1,10,10,5.4899017762036495,11.73871898651123,2.0487166941165924,63.61371441935189,0.7258811440901323,0.724275863161954,13.257130719038088,0.4108099621142231,0.4754691463708878,,-0.5891900378857768,0.4754691463708878,-0.015138664245605504,8.606639508703225,39.11499403958114,5.4899017762036495,True,False,True,False,,SSIM drops beyond the current tolerance. LPIPS increases beyond the current tolerance.
FLOWCACHE_ADAPTIVE_INT2,FLOWCACHE,INT2,vaishak,1,10,10,4.268150183254579,14.375480651855469,2.6351587772369385,92.63352319640109,0.615544806948575,0.6105112299601237,15.194284200506251,0.4479022570595089,0.464482843641361,,-0.5520977429404911,0.464482843641361,-0.12890329744743578,58.15167770099739,25.438948987718078,4.268150183254579,False,False,False,False,,SSIM drops beyond the current tolerance. LPIPS increases beyond the current tolerance.
SPATIAL_MIXED_FG_QUAROT_KV_INT4_BG_RTN_INT2,SPATIAL_MIXED,"INT4, INT2",vaishak,1,10,10,3.460628590740115,14.375953674316406,3.2500608265399933,224.82262726742772,0.3987238485394102,0.3942327691742868,14.059675645819896,0.4326742481866932,0.5696421015539178,,-0.5673257518133068,0.5696421015539178,-0.34518175823327274,283.835942546457,25.4364955704937,3.460628590740115,False,False,False,False,,Runtime is more than 2x BF16 under the current implementation. SSIM drops beyond the current tolerance.
FLOWCACHE_HYBRID_INT2,FLOWCACHE,INT2,vaishak,1,10,10,4.606619870186145,14.376942157745361,2.441541463136673,82.5924865317531,0.6162824032639012,0.6115888924223004,15.624356083358226,0.4706763693496557,0.4538435159021085,,-0.5293236306503444,0.4538435159021085,-0.12782563498525912,41.00878234761195,25.431368620991556,4.606619870186145,False,False,False,False,,SSIM drops beyond the current tolerance. LPIPS increases beyond the current tolerance.
AGE_TIER_INT4,AGE_TIER,INT4,vaishak,1,10,10,3.1842960066066124,14.37751293182373,3.5321004688739777,103.85739578837529,0.7350712772716176,0.733892467545018,21.31757560592349,0.6879624177967927,0.1804328649898172,,-0.3120375822032073,0.1804328649898172,-0.005522059862541506,77.31400921417388,25.428408197183515,3.1842960066066124,True,False,False,False,,SSIM drops beyond the current tolerance. LPIPS increases beyond the current tolerance.
SPATIAL_MIXED_FG_RTN_INT4_BG_RTN_INT4,SPATIAL_MIXED,"INT4, INT4",vaishak,1,10,10,3.1842960066066124,14.37751293182373,3.5321004688739777,105.457801766973,0.6933526718139648,0.6897661030162466,18.88662786205113,0.5772292484746484,0.3099314583583283,,-0.4227707515253516,0.3099314583583283,-0.049648424391312895,80.04635579653693,25.428408197183515,3.1842960066066124,False,False,False,False,,SSIM drops beyond the current tolerance. LPIPS increases beyond the current tolerance.
AGE_TIER_INT2,AGE_TIER,INT2,vaishak,1,10,10,4.414506364707783,14.37751293182373,2.547794133424759,105.25084190447816,0.5780507068865226,0.573083570873376,15.181814155670155,0.4565941205566188,0.4703528984791288,,-0.5434058794433811,0.4703528984791288,-0.1663309565341835,79.69301665600861,25.428408197183515,4.414506364707783,False,False,False,False,,SSIM drops beyond the current tolerance. LPIPS increases beyond the current tolerance.
SPATIAL_MIXED_FG_RTN_INT4_BG_RTN_INT2,SPATIAL_MIXED,"INT4, INT2",vaishak,1,10,10,3.683407615843692,14.37751293182373,3.05349138379097,106.62729180403986,0.4113205506642659,0.4069361935817834,13.92686155493358,0.4211705092680452,0.5580131000688187,,-0.5788294907319548,0.5580131000688187,-0.33247833382577613,82.04300673924782,25.428408197183515,3.683407615843692,False,False,False,False,,SSIM drops beyond the current tolerance. LPIPS increases beyond the current tolerance.
SPATIAL_MIXED_FG_KIVI_INT4_BG_KIVI_INT2,SPATIAL_MIXED,"INT4, INT2",vaishak,1,10,10,3.452849275036529,14.383306503295898,3.25738325715065,110.35898616528138,0.5288600404854977,0.5209601209351511,13.722900465152122,0.4267868680342349,0.6417719486660578,,-0.5732131319657652,0.6417719486660578,-0.21845440647240844,88.41406662699941,25.398358782590634,3.452849275036529,False,False,False,False,,SSIM drops beyond the current tolerance. LPIPS increases beyond the current tolerance.
QAQ_INT2,QAQ,INT2,vaishak,1,10,10,5.18421411142536,14.421439170837402,2.1695194635540247,109.78026887448505,0.6199706425522313,0.6181732294256037,13.336398316505315,0.3646320322044276,0.5299115618903923,,-0.6353679677955724,0.5299115618903923,-0.12124129798195582,87.42603219523151,25.20057675090396,5.18421411142536,False,False,False,False,,SSIM drops beyond the current tolerance. LPIPS increases beyond the current tolerance.
QAQ_INT4,QAQ,INT4,vaishak,1,10,10,3.144803772045112,14.421774864196777,3.5764563493430614,110.00652182004414,0.5889178654295025,0.5862628528016987,11.967960672907717,0.2616700878983628,0.6469745024141262,,-0.7383299121016371,0.6469745024141262,-0.15315167460586088,87.81231009647355,25.198835616099558,3.144803772045112,False,False,False,False,,SSIM drops beyond the current tolerance. LPIPS increases beyond the current tolerance.
BF16,BF16,BF16,suraj,1,10,10,1.0,19.280147552490234,11.24725341796875,58.57258332190104,0.7390351243452593,0.7394145274075595,inf,1.0,0.0,,0.0,0.0,0.0,0.0,0.0,1.0,True,True,True,True,BF16 reference baseline,Reference only: no KV compression is applied.
FLOWCACHE_NATIVE,FLOWCACHE,mixed / implicit,vaishak,1,10,10,1.0,19.30748462677002,11.24725341796875,48.28725273194723,0.7377193778066925,0.7373273972020005,13.254866816178843,0.4115337220356523,0.4506317637183449,,-0.5884662779643477,0.4506317637183449,-0.0020871302055590624,-17.55997432011505,-0.14178871922716496,1.0,True,False,True,True,Fastest option,SSIM drops beyond the current tolerance. LPIPS increases beyond the current tolerance.
TPTQ_INT2,TPTQ,INT2,vaishak,1,10,10,2.7166268178909103,19.85463857650757,4.1401540115475655,167.22279411405324,0.7237054169857141,0.7221577674403333,19.90616684978385,0.6267608343876978,0.2396683143547764,,-0.3732391656123022,0.2396683143547764,-0.0172567599672262,185.4967027748057,-2.9797024242334214,2.7166268178909103,False,False,False,False,,Compressed KV bytes do not translate into lower peak VRAM in the current stack. Runtime is more than 2x BF16 under the current implementation.
QUAROT_KV_INT4,QUAROT,INT4,suraj,1,10,10,3.2,19.98310089111328,3.5147666931152344,236.60276166433468,0.7375720150340688,0.7377509789206765,22.641991291793477,0.7239981460306353,0.1483122296905794,,-0.2760018539693647,0.1483122296905794,-0.001663548486882993,303.9479706128411,-3.645995637270172,3.2,True,True,False,False,,Compressed KV bytes do not translate into lower peak VRAM in the current stack. Runtime is more than 2x BF16 under the current implementation.
RTN_INT4,RTN,INT4,suraj,1,10,10,3.2,19.98310089111328,3.5147666931152344,86.26356853013858,0.7352976711619984,0.7341040733568596,21.32045230697806,0.6880432589672065,0.180288599361595,,-0.31195674103279347,0.180288599361595,-0.005310454050699964,47.276359753597426,-3.645995637270172,3.2,True,False,False,False,,Compressed KV bytes do not translate into lower peak VRAM in the current stack. SSIM drops beyond the current tolerance.
RTN_INT2,RTN,INT2,suraj,1,10,10,5.333333333333333,19.98310089111328,2.1088600158691406,87.1160779605154,0.5668396699847597,0.5617108896428887,15.0443821727046,0.4514860995535694,0.4749773300278255,,-0.5485139004464306,0.4749773300278255,-0.1777036377646708,48.73183496405831,-3.645995637270172,5.333333333333333,False,False,False,False,,Compressed KV bytes do not translate into lower peak VRAM in the current stack. SSIM drops beyond the current tolerance.
QUAROT_KV_INT2,QUAROT,INT2,suraj,1,10,10,5.333333333333333,19.98310089111328,2.1088600158691406,242.0180916351266,0.6007509638006038,0.5968108372312604,14.730957849036548,0.4402812439293854,0.4670488575903812,,-0.5597187560706146,0.4670488575903812,-0.14260369017629915,313.19347365140527,-3.645995637270172,5.333333333333333,False,False,False,False,,Compressed KV bytes do not translate into lower peak VRAM in the current stack. Runtime is more than 2x BF16 under the current implementation.
KIVI_INT4,KIVI,INT4,suraj,1,10,10,3.193347193347193,19.99042510986328,3.522089123725891,92.68624277589842,0.6812060567913634,0.6783677189566872,13.069844169550578,0.4047657250155353,0.5708676137807638,,-0.5952342749844647,0.5708676137807638,-0.06104680845087229,58.24168496464769,-3.68398403300243,3.193347193347193,False,False,False,False,,Compressed KV bytes do not translate into lower peak VRAM in the current stack. SSIM drops beyond the current tolerance.
KIVI_INT2,KIVI,INT2,suraj,1,10,10,5.314878892733564,19.99042510986328,2.1161824464797974,95.47730955900624,0.6211140776663115,0.6180956684690534,11.423966466590008,0.2414136113447011,0.6714347249626493,,-0.7585863886552989,0.6714347249626493,-0.12131885893850614,63.00682698983169,-3.68398403300243,5.314878892733564,False,False,False,False,,Compressed KV bytes do not translate into lower peak VRAM in the current stack. SSIM drops beyond the current tolerance.
PRQ_INT4,PRQ,INT4,vaishak,1,10,10,1.6,20.686054229736328,7.029533386230469,159.97060577059165,0.7388862560387812,0.7392896611993962,26.544649639821632,0.8238815013236034,0.0818816875671671,,-0.17611849867639662,0.0818816875671671,-0.00012486620816332117,173.11516190336198,-7.291991274540366,1.6,True,True,False,False,Quality-first option,Compressed KV bytes do not translate into lower peak VRAM in the current stack. Runtime is more than 2x BF16 under the current implementation.
PRQ_INT2,PRQ,INT2,vaishak,1,10,10,2.0,20.686054229736328,5.623626708984375,156.6342663175892,0.7392421667387992,0.7395909836277818,25.13325426823406,0.7996851891663559,0.0938266652358244,,-0.2003148108336441,0.0938266652358244,0.00017645622022222085,167.41908489295133,-7.291991274540366,2.0,True,True,False,True,,Compressed KV bytes do not translate into lower peak VRAM in the current stack. Runtime is more than 2x BF16 under the current implementation.
RTN_INT4_RECENT2,RTN,INT4,suraj,1,10,10,2.4347826086956523,21.37406587600708,4.619407653808594,68.86369885755703,0.7355547964153868,0.7351347815773702,23.691832257108995,0.7319636202635206,0.148211194463374,,-0.2680363797364794,0.148211194463374,-0.004279745830189308,17.569850861961218,-10.86048910059505,2.4347826086956523,True,True,False,False,,Compressed KV bytes do not translate into lower peak VRAM in the current stack. SSIM drops beyond the current tolerance.
QUAROT_KV_INT4_RECENT2,QUAROT,INT4,suraj,1,10,10,2.4347826086956523,21.685373783111572,4.619407653808594,111.30477134510876,0.7302481259201514,0.7289857184901382,inf,0.7057822707828502,0.1834185227990967,,-0.29421772921714984,0.1834185227990967,-0.010428808917421373,90.02878997739285,-12.47514431138612,2.4347826086956523,False,False,False,False,,Compressed KV bytes do not translate into lower peak VRAM in the current stack. SSIM drops beyond the current tolerance.
KIVI_INT4_REFRESH,KIVI,INT4,suraj,1,10,10,3.193347193347193,22.632185459136963,3.522089123725891,68.05237082317471,0.7137196755149147,0.7115877006761955,13.732882428595252,0.4203463247104639,0.5094846755246435,,-0.579653675289536,0.5094846755246435,-0.02782682673136405,16.184683965832622,-17.385955670312157,3.193347193347193,True,False,False,False,,Compressed KV bytes do not translate into lower peak VRAM in the current stack. SSIM drops beyond the current tolerance.
RTN_INT4_REFRESH,RTN,INT4,suraj,1,10,10,3.2,22.63610601425171,3.5147666931152344,65.04662615554408,0.7360971578424628,0.735219814300537,21.449570992474165,0.6934404228337129,0.1777153298325103,,-0.3065595771662871,0.1777153298325103,-0.004194713107022574,11.053025949125766,-17.406290344121444,3.2,True,False,False,False,,Compressed KV bytes do not translate into lower peak VRAM in the current stack. SSIM drops beyond the current tolerance.
KIVI_K2_V4,KIVI,mixed / implicit,suraj,1,3,3,,22.673973560333252,,76.29401840611051,0.6232756448225542,0.618648708613232,13.030122871171956,0.3741852230160569,0.5783199654581647,,-0.625814776983943,0.5783199654581647,-0.12076581879432757,30.255512185311442,-17.602697275025104,,False,False,False,False,,SSIM drops beyond the current tolerance. LPIPS increases beyond the current tolerance.
RTN_K2_V4,RTN,mixed / implicit,suraj,1,5,5,,22.677876949310303,,75.31668912358582,0.5305047216704397,0.5241861037976814,14.742968761764343,0.4340216431470554,0.495258322925956,,-0.5659783568529446,0.495258322925956,-0.21522842360987815,28.586934111584487,-17.62294291353188,,False,False,False,False,,SSIM drops beyond the current tolerance. LPIPS increases beyond the current tolerance.
QUAROT_KV_INT4_REFRESH,QUAROT,INT4,suraj,1,2,2,,22.823514461517334,,97.51323619345204,0.7217673529422644,0.7191578630389589,19.635373528669703,0.6129161106496811,0.214390861993712,,-0.3870838893503189,0.214390861993712,-0.02025666436860063,66.4827307642253,-18.37831841992017,,False,False,False,False,,SSIM drops beyond the current tolerance. LPIPS increases beyond the current tolerance.
