run_name,run_root,method,method_family,primary_config_id,config_ids,sources,profile_flowcache,flowcache_profile_recent_ratio,flowcache_profile_min_scale,flowcache_profile_max_scale,dashboard_ready_runs,command
backfill_age_tier_int2_9bbee19b8cfd_10s,results/runs/backfill_age_tier_int2_9bbee19b8cfd_10s,AGE_TIER_INT2,AGE_TIER,9bbee19b8cfd,9bbee19b8cfd,vaishak,False,,,,5,python3 scripts/23_run_moviegen_backfill.py --run-root results/runs/backfill_age_tier_int2_9bbee19b8cfd_10s --run-name backfill_age_tier_int2_9bbee19b8cfd_10s --method AGE_TIER_INT2 --config-id 9bbee19b8cfd -- --device cuda:0 --use-ema --age-tier-recent-ratio 0.3 --age-tier-recent-bits 4 --age-tier-recent-method RTN --age-tier-old-method RTN
backfill_age_tier_int2_e8623fd4255c_10s,results/runs/backfill_age_tier_int2_e8623fd4255c_10s,AGE_TIER_INT2,AGE_TIER,e8623fd4255c,e8623fd4255c,vaishak,False,,,,4,python3 scripts/23_run_moviegen_backfill.py --run-root results/runs/backfill_age_tier_int2_e8623fd4255c_10s --run-name backfill_age_tier_int2_e8623fd4255c_10s --method AGE_TIER_INT2 --config-id e8623fd4255c -- --device cuda:0 --use-ema --age-tier-recent-ratio 0.25 --age-tier-recent-bits 4 --age-tier-recent-method RTN --age-tier-old-method RTN
backfill_age_tier_int4_74dcf380574b_10s,results/runs/backfill_age_tier_int4_74dcf380574b_10s,AGE_TIER_INT4,AGE_TIER,74dcf380574b,74dcf380574b,vaishak,False,,,,1,python3 scripts/23_run_moviegen_backfill.py --run-root results/runs/backfill_age_tier_int4_74dcf380574b_10s --run-name backfill_age_tier_int4_74dcf380574b_10s --method AGE_TIER_INT4 --config-id 74dcf380574b -- --device cuda:0 --use-ema --age-tier-recent-ratio 0.3 --age-tier-recent-bits 4 --age-tier-recent-method RTN --age-tier-old-method RTN
backfill_flowcache_adaptive_int2_1a41612d204d_10s,results/runs/backfill_flowcache_adaptive_int2_1a41612d204d_10s,FLOWCACHE_ADAPTIVE_INT2,FLOWCACHE_ADAPTIVE,1a41612d204d,1a41612d204d,vaishak,True,0.25,0.7,1.3,1,python3 scripts/23_run_moviegen_backfill.py --run-root results/runs/backfill_flowcache_adaptive_int2_1a41612d204d_10s --run-name backfill_flowcache_adaptive_int2_1a41612d204d_10s --method FLOWCACHE_ADAPTIVE_INT2 --config-id 1a41612d204d --profile-flowcache --flowcache-profile-recent-ratio 0.25 --flowcache-profile-min-scale 0.7 --flowcache-profile-max-scale 1.3 -- --device cuda:0 --use-ema --flowcache-recent-ratio 0.25 --flowcache-recent-bits 4 --flowcache-recent-method RTN --flowcache-old-method RTN --flowcache-min-layer-budget-scale 0.7 --flowcache-max-layer-budget-scale 1.3 --flowcache-important-old-ratio 0.2 --flowcache-importance-alpha 0.7 --flowcache-importance-beta 0.3
backfill_flowcache_adaptive_int2_a154b903b16c_10s,results/runs/backfill_flowcache_adaptive_int2_a154b903b16c_10s,FLOWCACHE_ADAPTIVE_INT2,FLOWCACHE_ADAPTIVE,a154b903b16c,a154b903b16c,vaishak,True,0.25,0.7,1.3,2,python3 scripts/23_run_moviegen_backfill.py --run-root results/runs/backfill_flowcache_adaptive_int2_a154b903b16c_10s --run-name backfill_flowcache_adaptive_int2_a154b903b16c_10s --method FLOWCACHE_ADAPTIVE_INT2 --config-id a154b903b16c --profile-flowcache --flowcache-profile-recent-ratio 0.25 --flowcache-profile-min-scale 0.7 --flowcache-profile-max-scale 1.3 -- --device cuda:0 --use-ema --flowcache-recent-ratio 0.25 --flowcache-recent-bits 4 --flowcache-recent-method RTN --flowcache-old-method RTN --flowcache-min-layer-budget-scale 0.7 --flowcache-max-layer-budget-scale 1.3 --flowcache-important-old-ratio 0.1 --flowcache-importance-alpha 0.7 --flowcache-importance-beta 0.3
backfill_flowcache_hybrid_int2_973ebc836fd7_10s,results/runs/backfill_flowcache_hybrid_int2_973ebc836fd7_10s,FLOWCACHE_HYBRID_INT2,FLOWCACHE_HYBRID,973ebc836fd7,"973ebc836fd7,9cf4621557e3",vaishak,True,0.25,0.7,1.3,1,python3 scripts/23_run_moviegen_backfill.py --run-root results/runs/backfill_flowcache_hybrid_int2_973ebc836fd7_10s --run-name backfill_flowcache_hybrid_int2_973ebc836fd7_10s --method FLOWCACHE_HYBRID_INT2 --config-id 973ebc836fd7 --profile-flowcache --flowcache-profile-recent-ratio 0.25 --flowcache-profile-min-scale 0.7 --flowcache-profile-max-scale 1.3 -- --device cuda:0 --use-ema --flowcache-recent-ratio 0.25 --flowcache-recent-bits 4 --flowcache-recent-method RTN --flowcache-old-method RTN --flowcache-min-layer-budget-scale 0.7 --flowcache-max-layer-budget-scale 1.3
backfill_flowcache_hybrid_int2_bfbf5df8b757_10s,results/runs/backfill_flowcache_hybrid_int2_bfbf5df8b757_10s,FLOWCACHE_HYBRID_INT2,FLOWCACHE_HYBRID,bfbf5df8b757,bfbf5df8b757,vaishak,False,,,,1,python3 scripts/23_run_moviegen_backfill.py --run-root results/runs/backfill_flowcache_hybrid_int2_bfbf5df8b757_10s --run-name backfill_flowcache_hybrid_int2_bfbf5df8b757_10s --method FLOWCACHE_HYBRID_INT2 --config-id bfbf5df8b757 -- --device cuda:0 --use-ema --flowcache-recent-ratio 0.25 --flowcache-recent-bits 4 --flowcache-recent-method RTN --flowcache-old-method RTN --flowcache-min-layer-budget-scale 0.75 --flowcache-max-layer-budget-scale 1.25
backfill_flowcache_native_7743d4e12ea8_10s,results/runs/backfill_flowcache_native_7743d4e12ea8_10s,FLOWCACHE_NATIVE,FLOWCACHE_NATIVE,7743d4e12ea8,7743d4e12ea8,vaishak,True,0.25,0.7,1.3,1,python3 scripts/23_run_moviegen_backfill.py --run-root results/runs/backfill_flowcache_native_7743d4e12ea8_10s --run-name backfill_flowcache_native_7743d4e12ea8_10s --method FLOWCACHE_NATIVE --config-id 7743d4e12ea8 --profile-flowcache --flowcache-profile-recent-ratio 0.25 --flowcache-profile-min-scale 0.7 --flowcache-profile-max-scale 1.3 -- --device cuda:0 --use-ema --flowcache-native-rel-l1-thresh 1.5 --flowcache-native-warmup-steps 0
backfill_flowcache_native_soft_prune_int4_56d7f051182b_10s,results/runs/backfill_flowcache_native_soft_prune_int4_56d7f051182b_10s,FLOWCACHE_NATIVE_SOFT_PRUNE_INT4,FLOWCACHE_NATIVE_SOFT_PRUNE,56d7f051182b,56d7f051182b,vaishak,True,0.25,0.7,1.3,1,python3 scripts/23_run_moviegen_backfill.py --run-root results/runs/backfill_flowcache_native_soft_prune_int4_56d7f051182b_10s --run-name backfill_flowcache_native_soft_prune_int4_56d7f051182b_10s --method FLOWCACHE_NATIVE_SOFT_PRUNE_INT4 --config-id 56d7f051182b --profile-flowcache --flowcache-profile-recent-ratio 0.25 --flowcache-profile-min-scale 0.7 --flowcache-profile-max-scale 1.3 -- --device cuda:0 --use-ema --flowcache-recent-ratio 0.25 --flowcache-recent-bits 4 --flowcache-recent-method RTN --flowcache-old-method RTN --flowcache-min-layer-budget-scale 0.7 --flowcache-max-layer-budget-scale 1.3 --flowcache-important-old-ratio 0.1 --flowcache-importance-alpha 0.7 --flowcache-importance-beta 0.3 --flowcache-prune-retained-old-ratio 0.45 --flowcache-prune-refresh-gap-chunks 1 --flowcache-native-rel-l1-thresh 1.5 --flowcache-native-warmup-steps 0
backfill_flowcache_prune_int2_990b60e0bbd4_10s,results/runs/backfill_flowcache_prune_int2_990b60e0bbd4_10s,FLOWCACHE_PRUNE_INT2,FLOWCACHE_PRUNE,990b60e0bbd4,990b60e0bbd4,vaishak,True,0.25,0.7,1.3,1,python3 scripts/23_run_moviegen_backfill.py --run-root results/runs/backfill_flowcache_prune_int2_990b60e0bbd4_10s --run-name backfill_flowcache_prune_int2_990b60e0bbd4_10s --method FLOWCACHE_PRUNE_INT2 --config-id 990b60e0bbd4 --profile-flowcache --flowcache-profile-recent-ratio 0.25 --flowcache-profile-min-scale 0.7 --flowcache-profile-max-scale 1.3 -- --device cuda:0 --use-ema --flowcache-recent-ratio 0.25 --flowcache-recent-bits 4 --flowcache-recent-method RTN --flowcache-old-method RTN --flowcache-min-layer-budget-scale 0.7 --flowcache-max-layer-budget-scale 1.3 --flowcache-important-old-ratio 0.1 --flowcache-importance-alpha 0.7 --flowcache-importance-beta 0.3 --flowcache-prune-retained-old-ratio 0.3 --flowcache-prune-refresh-gap-chunks 1
backfill_flowcache_prune_int2_f163dc4eb7a9_10s,results/runs/backfill_flowcache_prune_int2_f163dc4eb7a9_10s,FLOWCACHE_PRUNE_INT2,FLOWCACHE_PRUNE,f163dc4eb7a9,f163dc4eb7a9,vaishak,True,0.25,0.7,1.3,1,python3 scripts/23_run_moviegen_backfill.py --run-root results/runs/backfill_flowcache_prune_int2_f163dc4eb7a9_10s --run-name backfill_flowcache_prune_int2_f163dc4eb7a9_10s --method FLOWCACHE_PRUNE_INT2 --config-id f163dc4eb7a9 --profile-flowcache --flowcache-profile-recent-ratio 0.25 --flowcache-profile-min-scale 0.7 --flowcache-profile-max-scale 1.3 -- --device cuda:0 --use-ema --flowcache-recent-ratio 0.25 --flowcache-recent-bits 4 --flowcache-recent-method RTN --flowcache-old-method RTN --flowcache-min-layer-budget-scale 0.7 --flowcache-max-layer-budget-scale 1.3 --flowcache-important-old-ratio 0.1 --flowcache-importance-alpha 0.7 --flowcache-importance-beta 0.3 --flowcache-prune-retained-old-ratio 0.45 --flowcache-prune-refresh-gap-chunks 1
backfill_flowcache_prune_int4_27bbc04277fe_10s,results/runs/backfill_flowcache_prune_int4_27bbc04277fe_10s,FLOWCACHE_PRUNE_INT4,FLOWCACHE_PRUNE,27bbc04277fe,27bbc04277fe,vaishak,True,0.25,0.7,1.3,2,python3 scripts/23_run_moviegen_backfill.py --run-root results/runs/backfill_flowcache_prune_int4_27bbc04277fe_10s --run-name backfill_flowcache_prune_int4_27bbc04277fe_10s --method FLOWCACHE_PRUNE_INT4 --config-id 27bbc04277fe --profile-flowcache --flowcache-profile-recent-ratio 0.25 --flowcache-profile-min-scale 0.7 --flowcache-profile-max-scale 1.3 -- --device cuda:0 --use-ema --flowcache-recent-ratio 0.25 --flowcache-recent-bits 4 --flowcache-recent-method RTN --flowcache-old-method RTN --flowcache-min-layer-budget-scale 0.7 --flowcache-max-layer-budget-scale 1.3 --flowcache-important-old-ratio 0.1 --flowcache-importance-alpha 0.7 --flowcache-importance-beta 0.3 --flowcache-prune-retained-old-ratio 0.45 --flowcache-prune-refresh-gap-chunks 1
backfill_flowcache_soft_prune_int2_24b7f6c1cfbb_10s,results/runs/backfill_flowcache_soft_prune_int2_24b7f6c1cfbb_10s,FLOWCACHE_SOFT_PRUNE_INT2,FLOWCACHE_SOFT_PRUNE,24b7f6c1cfbb,24b7f6c1cfbb,vaishak,True,0.25,0.7,1.3,2,python3 scripts/23_run_moviegen_backfill.py --run-root results/runs/backfill_flowcache_soft_prune_int2_24b7f6c1cfbb_10s --run-name backfill_flowcache_soft_prune_int2_24b7f6c1cfbb_10s --method FLOWCACHE_SOFT_PRUNE_INT2 --config-id 24b7f6c1cfbb --profile-flowcache --flowcache-profile-recent-ratio 0.25 --flowcache-profile-min-scale 0.7 --flowcache-profile-max-scale 1.3 -- --device cuda:0 --use-ema --flowcache-recent-ratio 0.25 --flowcache-recent-bits 4 --flowcache-recent-method RTN --flowcache-old-method RTN --flowcache-min-layer-budget-scale 0.7 --flowcache-max-layer-budget-scale 1.3 --flowcache-important-old-ratio 0.1 --flowcache-importance-alpha 0.7 --flowcache-importance-beta 0.3 --flowcache-prune-retained-old-ratio 0.45 --flowcache-prune-refresh-gap-chunks 1
backfill_flowcache_soft_prune_int4_5f5a998802bd_10s,results/runs/backfill_flowcache_soft_prune_int4_5f5a998802bd_10s,FLOWCACHE_SOFT_PRUNE_INT4,FLOWCACHE_SOFT_PRUNE,5f5a998802bd,5f5a998802bd,vaishak,True,0.25,0.7,1.3,2,python3 scripts/23_run_moviegen_backfill.py --run-root results/runs/backfill_flowcache_soft_prune_int4_5f5a998802bd_10s --run-name backfill_flowcache_soft_prune_int4_5f5a998802bd_10s --method FLOWCACHE_SOFT_PRUNE_INT4 --config-id 5f5a998802bd --profile-flowcache --flowcache-profile-recent-ratio 0.25 --flowcache-profile-min-scale 0.7 --flowcache-profile-max-scale 1.3 -- --device cuda:0 --use-ema --flowcache-recent-ratio 0.25 --flowcache-recent-bits 4 --flowcache-recent-method RTN --flowcache-old-method RTN --flowcache-min-layer-budget-scale 0.7 --flowcache-max-layer-budget-scale 1.3 --flowcache-important-old-ratio 0.1 --flowcache-importance-alpha 0.7 --flowcache-importance-beta 0.3 --flowcache-prune-retained-old-ratio 0.45 --flowcache-prune-refresh-gap-chunks 1
backfill_prq_int2_c800cfa2a981_10s,results/runs/backfill_prq_int2_c800cfa2a981_10s,PRQ_INT2,PRQ,c800cfa2a981,c800cfa2a981,vaishak,False,,,,1,python3 scripts/23_run_moviegen_backfill.py --run-root results/runs/backfill_prq_int2_c800cfa2a981_10s --run-name backfill_prq_int2_c800cfa2a981_10s --method PRQ_INT2 --config-id c800cfa2a981 -- --device cuda:0 --use-ema --prq-residual-bits 4
backfill_prq_int4_23a612bd2862_10s,results/runs/backfill_prq_int4_23a612bd2862_10s,PRQ_INT4,PRQ,23a612bd2862,23a612bd2862,vaishak,False,,,,1,python3 scripts/23_run_moviegen_backfill.py --run-root results/runs/backfill_prq_int4_23a612bd2862_10s --run-name backfill_prq_int4_23a612bd2862_10s --method PRQ_INT4 --config-id 23a612bd2862 -- --device cuda:0 --use-ema --prq-residual-bits 4
backfill_qaq_int2_dcc080e7d18f_10s,results/runs/backfill_qaq_int2_dcc080e7d18f_10s,QAQ_INT2,QAQ,dcc080e7d18f,dcc080e7d18f,vaishak,False,,,,5,python3 scripts/23_run_moviegen_backfill.py --run-root results/runs/backfill_qaq_int2_dcc080e7d18f_10s --run-name backfill_qaq_int2_dcc080e7d18f_10s --method QAQ_INT2 --config-id dcc080e7d18f -- --device cuda:0 --use-ema --qaq-outlier-threshold 6.0
backfill_qaq_int4_aa6e42af3d16_10s,results/runs/backfill_qaq_int4_aa6e42af3d16_10s,QAQ_INT4,QAQ,aa6e42af3d16,aa6e42af3d16,vaishak,False,,,,1,python3 scripts/23_run_moviegen_backfill.py --run-root results/runs/backfill_qaq_int4_aa6e42af3d16_10s --run-name backfill_qaq_int4_aa6e42af3d16_10s --method QAQ_INT4 --config-id aa6e42af3d16 -- --device cuda:0 --use-ema --qaq-outlier-threshold 6.0
backfill_spatial_mixed_fg_kivi_int4_bg_kivi_int2_3d327a450ca5_10s,results/runs/backfill_spatial_mixed_fg_kivi_int4_bg_kivi_int2_3d327a450ca5_10s,SPATIAL_MIXED_FG_KIVI_INT4_BG_KIVI_INT2,SPATIAL_MIXED,3d327a450ca5,3d327a450ca5,vaishak,False,,,,1,python3 scripts/23_run_moviegen_backfill.py --run-root results/runs/backfill_spatial_mixed_fg_kivi_int4_bg_kivi_int2_3d327a450ca5_10s --run-name backfill_spatial_mixed_fg_kivi_int4_bg_kivi_int2_3d327a450ca5_10s --method SPATIAL_MIXED_FG_KIVI_INT4_BG_KIVI_INT2 --config-id 3d327a450ca5 -- --device cuda:0 --use-ema --spatial-fg-method KIVI --spatial-fg-bits 4 --spatial-bg-method KIVI --spatial-bg-bits 2 --spatial-mask-policy topk --spatial-variance-threshold 0.02 --spatial-min-foreground-ratio 0.6 --spatial-max-foreground-ratio 0.9 --spatial-target-foreground-ratio 0.8
backfill_spatial_mixed_fg_quarot_kv_int4_bg_rtn_int2_af0e1883d58d_10s,results/runs/backfill_spatial_mixed_fg_quarot_kv_int4_bg_rtn_int2_af0e1883d58d_10s,SPATIAL_MIXED_FG_QUAROT_KV_INT4_BG_RTN_INT2,SPATIAL_MIXED,af0e1883d58d,af0e1883d58d,vaishak,False,,,,1,python3 scripts/23_run_moviegen_backfill.py --run-root results/runs/backfill_spatial_mixed_fg_quarot_kv_int4_bg_rtn_int2_af0e1883d58d_10s --run-name backfill_spatial_mixed_fg_quarot_kv_int4_bg_rtn_int2_af0e1883d58d_10s --method SPATIAL_MIXED_FG_QUAROT_KV_INT4_BG_RTN_INT2 --config-id af0e1883d58d -- --device cuda:0 --use-ema --spatial-fg-method QUAROT_KV --spatial-fg-bits 4 --spatial-bg-method RTN --spatial-bg-bits 2 --spatial-mask-policy topk --spatial-variance-threshold 0.02 --spatial-min-foreground-ratio 0.6 --spatial-max-foreground-ratio 0.9 --spatial-target-foreground-ratio 0.8
backfill_spatial_mixed_fg_rtn_int4_bg_rtn_int2_1f080d8dcc0e_10s,results/runs/backfill_spatial_mixed_fg_rtn_int4_bg_rtn_int2_1f080d8dcc0e_10s,SPATIAL_MIXED_FG_RTN_INT4_BG_RTN_INT2,SPATIAL_MIXED,1f080d8dcc0e,"1f080d8dcc0e,c64825ec3ea8",vaishak,False,,,,1,python3 scripts/23_run_moviegen_backfill.py --run-root results/runs/backfill_spatial_mixed_fg_rtn_int4_bg_rtn_int2_1f080d8dcc0e_10s --run-name backfill_spatial_mixed_fg_rtn_int4_bg_rtn_int2_1f080d8dcc0e_10s --method SPATIAL_MIXED_FG_RTN_INT4_BG_RTN_INT2 --config-id 1f080d8dcc0e -- --device cuda:0 --use-ema --spatial-fg-method RTN --spatial-fg-bits 4 --spatial-bg-method RTN --spatial-bg-bits 2 --spatial-mask-policy hybrid --spatial-variance-threshold 0.02 --spatial-min-foreground-ratio 0.45 --spatial-max-foreground-ratio 0.85 --spatial-target-foreground-ratio 0.65
backfill_spatial_mixed_fg_rtn_int4_bg_rtn_int2_bae80e29fbb6_10s,results/runs/backfill_spatial_mixed_fg_rtn_int4_bg_rtn_int2_bae80e29fbb6_10s,SPATIAL_MIXED_FG_RTN_INT4_BG_RTN_INT2,SPATIAL_MIXED,bae80e29fbb6,bae80e29fbb6,vaishak,False,,,,1,python3 scripts/23_run_moviegen_backfill.py --run-root results/runs/backfill_spatial_mixed_fg_rtn_int4_bg_rtn_int2_bae80e29fbb6_10s --run-name backfill_spatial_mixed_fg_rtn_int4_bg_rtn_int2_bae80e29fbb6_10s --method SPATIAL_MIXED_FG_RTN_INT4_BG_RTN_INT2 --config-id bae80e29fbb6 -- --device cuda:0 --use-ema --spatial-fg-method RTN --spatial-fg-bits 4 --spatial-bg-method RTN --spatial-bg-bits 2 --spatial-mask-policy topk --spatial-variance-threshold 0.02 --spatial-min-foreground-ratio 0.6 --spatial-max-foreground-ratio 0.9 --spatial-target-foreground-ratio 0.8
backfill_spatial_mixed_fg_rtn_int4_bg_rtn_int4_04d60f52e048_10s,results/runs/backfill_spatial_mixed_fg_rtn_int4_bg_rtn_int4_04d60f52e048_10s,SPATIAL_MIXED_FG_RTN_INT4_BG_RTN_INT4,SPATIAL_MIXED,04d60f52e048,04d60f52e048,vaishak,False,,,,1,python3 scripts/23_run_moviegen_backfill.py --run-root results/runs/backfill_spatial_mixed_fg_rtn_int4_bg_rtn_int4_04d60f52e048_10s --run-name backfill_spatial_mixed_fg_rtn_int4_bg_rtn_int4_04d60f52e048_10s --method SPATIAL_MIXED_FG_RTN_INT4_BG_RTN_INT4 --config-id 04d60f52e048 -- --device cuda:0 --use-ema --spatial-fg-method RTN --spatial-fg-bits 4 --spatial-bg-method RTN --spatial-bg-bits 4 --spatial-mask-policy hybrid --spatial-variance-threshold 0.02 --spatial-min-foreground-ratio 0.45 --spatial-max-foreground-ratio 0.85 --spatial-target-foreground-ratio 0.65
backfill_spatial_mixed_fg_rtn_int4_bg_rtn_int4_580e67e08d8e_10s,results/runs/backfill_spatial_mixed_fg_rtn_int4_bg_rtn_int4_580e67e08d8e_10s,SPATIAL_MIXED_FG_RTN_INT4_BG_RTN_INT4,SPATIAL_MIXED,580e67e08d8e,580e67e08d8e,vaishak,False,,,,1,python3 scripts/23_run_moviegen_backfill.py --run-root results/runs/backfill_spatial_mixed_fg_rtn_int4_bg_rtn_int4_580e67e08d8e_10s --run-name backfill_spatial_mixed_fg_rtn_int4_bg_rtn_int4_580e67e08d8e_10s --method SPATIAL_MIXED_FG_RTN_INT4_BG_RTN_INT4 --config-id 580e67e08d8e -- --device cuda:0 --use-ema --spatial-fg-method RTN --spatial-fg-bits 4 --spatial-bg-method RTN --spatial-bg-bits 4 --spatial-mask-policy topk --spatial-variance-threshold 0.02 --spatial-min-foreground-ratio 0.6 --spatial-max-foreground-ratio 0.9 --spatial-target-foreground-ratio 0.8
backfill_tptq_int2_089f989f38f6_10s,results/runs/backfill_tptq_int2_089f989f38f6_10s,TPTQ_INT2,TPTQ,089f989f38f6,089f989f38f6,vaishak,False,,,,1,python3 scripts/23_run_moviegen_backfill.py --run-root results/runs/backfill_tptq_int2_089f989f38f6_10s --run-name backfill_tptq_int2_089f989f38f6_10s --method TPTQ_INT2 --config-id 089f989f38f6 -- --device cuda:0 --use-ema --tptq-recent-ratio 0.15 --tptq-recent-bits 4 --tptq-recent-method RTN --tptq-residual-bits 2 --tptq-outlier-threshold 6.0 --tptq-outlier-max-ratio 0.001
backfill_tptq_int2_2babecc6bab8_10s,results/runs/backfill_tptq_int2_2babecc6bab8_10s,TPTQ_INT2,TPTQ,2babecc6bab8,2babecc6bab8,vaishak,False,,,,1,python3 scripts/23_run_moviegen_backfill.py --run-root results/runs/backfill_tptq_int2_2babecc6bab8_10s --run-name backfill_tptq_int2_2babecc6bab8_10s --method TPTQ_INT2 --config-id 2babecc6bab8 -- --device cuda:0 --use-ema --tptq-recent-ratio 0.2 --tptq-recent-bits 4 --tptq-recent-method RTN --tptq-residual-bits 2 --tptq-outlier-threshold 6.0 --tptq-outlier-max-ratio 0.002
backfill_tptq_int2_351b43b37ce8_10s,results/runs/backfill_tptq_int2_351b43b37ce8_10s,TPTQ_INT2,TPTQ,351b43b37ce8,351b43b37ce8,vaishak,False,,,,1,python3 scripts/23_run_moviegen_backfill.py --run-root results/runs/backfill_tptq_int2_351b43b37ce8_10s --run-name backfill_tptq_int2_351b43b37ce8_10s --method TPTQ_INT2 --config-id 351b43b37ce8 -- --device cuda:0 --use-ema --tptq-recent-ratio 0.25 --tptq-recent-bits 4 --tptq-recent-method RTN --tptq-residual-bits 2 --tptq-outlier-threshold 6.0 --tptq-outlier-max-ratio 0.003
backfill_tptq_int2_44c4da374609_10s,results/runs/backfill_tptq_int2_44c4da374609_10s,TPTQ_INT2,TPTQ,44c4da374609,44c4da374609,vaishak,False,,,,1,python3 scripts/23_run_moviegen_backfill.py --run-root results/runs/backfill_tptq_int2_44c4da374609_10s --run-name backfill_tptq_int2_44c4da374609_10s --method TPTQ_INT2 --config-id 44c4da374609 -- --device cuda:0 --use-ema --tptq-recent-ratio 0.3 --tptq-recent-bits 4 --tptq-recent-method RTN --tptq-residual-bits 2 --tptq-outlier-threshold 6.0 --tptq-outlier-max-ratio 0.005
