config_id,benchmark,method,method_family,bits,cadence,recent_blocks,config_payload,sources,run_labels,moviegen_short_runs,moviegen_ten_second_runs,storyeval_ten_second_runs,dashboard_ready_runs,long10_dashboard_ready_runs,representative_quant_meta,missing_reasons,needs_moviegen_10s_backfill
9bbee19b8cfd,moviegen,AGE_TIER_INT2,AGE_TIER,2,,,"{""benchmark"":""moviegen"",""bits"":2,""cache_policy"":{""cadence"":null,""recent_blocks"":null},""method"":""AGE_TIER_INT2"",""method_family"":""AGE_TIER"",""quant_meta"":{""age_tier_config_recent_ratio"":0.3,""age_tier_old_bits"":2.0,""age_tier_recent_bits"":4.0}}","combined,vaishak","combined::runs/backfill_age_tier_int2_9bbee19b8cfd_10s,vaishak::runs/nonspatial_bundle_smoke_1772772966,vaishak::runs/tptq_ablation_smoke_1772779198,vaishak::runs/tptq_ablation_smoke_fix_1772779890,vaishak::runs/tptq_lite_ablation_r15_1772782617,vaishak::runs/tptq_lite_ablation_r20_1772781924,vaishak::runs/tptq_lite_ablation_r25_1772781228",6,3,0,8,3,"{""age_tier_config_recent_ratio"": 0.3, ""age_tier_old_bits"": 2.0, ""age_tier_recent_bits"": 4.0}",fidelity;vbench,False
e8623fd4255c,moviegen,AGE_TIER_INT2,AGE_TIER,2,,,"{""benchmark"":""moviegen"",""bits"":2,""cache_policy"":{""cadence"":null,""recent_blocks"":null},""method"":""AGE_TIER_INT2"",""method_family"":""AGE_TIER"",""quant_meta"":{""age_tier_config_recent_ratio"":0.25,""age_tier_old_bits"":2.0,""age_tier_recent_bits"":4.0}}","combined,vaishak","combined::runs/backfill_age_tier_int2_e8623fd4255c_10s,vaishak::runs/flowcache_adaptive_smoke_1772841690,vaishak::runs/flowcache_hybrid_smoke_1772837498,vaishak::runs/flowcache_prune_smoke_1772843810,vaishak::runs/flowcache_soft_prune_smoke_1772845366",4,3,0,7,3,"{""age_tier_config_recent_ratio"": 0.25, ""age_tier_old_bits"": 2.0, ""age_tier_recent_bits"": 4.0}",,False
74dcf380574b,moviegen,AGE_TIER_INT4,AGE_TIER,4,,,"{""benchmark"":""moviegen"",""bits"":4,""cache_policy"":{""cadence"":null,""recent_blocks"":null},""method"":""AGE_TIER_INT4"",""method_family"":""AGE_TIER"",""quant_meta"":{""age_tier_config_recent_ratio"":0.3,""age_tier_old_bits"":4.0,""age_tier_recent_bits"":4.0}}","combined,vaishak","combined::runs/backfill_age_tier_int4_74dcf380574b_10s,vaishak::runs/nonspatial_bundle_smoke_1772772966",1,3,0,4,3,"{""age_tier_config_recent_ratio"": 0.3, ""age_tier_old_bits"": 4.0, ""age_tier_recent_bits"": 4.0}",,False
04d60f52e048,moviegen,BF16,BF16,,,,"{""benchmark"":""moviegen"",""bits"":null,""cache_policy"":{""cadence"":null,""recent_blocks"":null},""method"":""BF16"",""method_family"":""BF16"",""quant_meta"":{}}","combined,vaishak","combined::runs/backfill_spatial_mixed_fg_rtn_int4_bg_rtn_int4_04d60f52e048_10s,vaishak::runs/spatial_mixed_iter2_smoke_1772761400",1,3,0,4,3,{},,False
068de819e000,moviegen,BF16,BF16,,,,"{""benchmark"":""moviegen"",""bits"":null,""cache_policy"":{""cadence"":null,""recent_blocks"":null},""method"":""BF16"",""method_family"":""BF16"",""quant_meta"":{}}","combined,vaishak","combined::runs/backfill_flowcache_native_soft_prune_int4_068de819e000_10s,vaishak::runs/flowcache_native_smoke_1772867470",1,3,0,3,3,{},fidelity,False
089f989f38f6,moviegen,BF16,BF16,,,,"{""benchmark"":""moviegen"",""bits"":null,""cache_policy"":{""cadence"":null,""recent_blocks"":null},""method"":""BF16"",""method_family"":""BF16"",""quant_meta"":{}}","combined,vaishak","combined::runs/backfill_tptq_int2_089f989f38f6_10s,vaishak::runs/tptq_lite_ablation_r15_1772782617",1,3,0,4,3,{},,False
0db1312571c7,moviegen,BF16,BF16,,,,"{""benchmark"":""moviegen"",""bits"":null,""cache_policy"":{""cadence"":null,""recent_blocks"":null},""method"":""BF16"",""method_family"":""BF16"",""quant_meta"":{}}","suraj,vaishak","suraj::legacy_root,suraj::runs/1772742389_baseline10_memfix_clean,suraj::runs/1772751420_baseline10s_10prompts_v3,suraj::runs/1773037963_newideas10s_10prompts,vaishak::legacy_root,vaishak::runs/1772742389_baseline10_memfix_clean,vaishak::runs/1772751420_baseline10s_10prompts_v3,vaishak::runs/flowcache_adaptive_smoke_1772841690,vaishak::runs/flowcache_hybrid_smoke_1772837498,vaishak::runs/flowcache_native_smoke_1772867470,vaishak::runs/flowcache_native_smoke_v2_1772868427,vaishak::runs/flowcache_prune_smoke_1772843810,vaishak::runs/flowcache_soft_prune_int4_multiprompt_1772851813,vaishak::runs/flowcache_soft_prune_smoke_1772845366,vaishak::runs/kivi_spatial_smoke_1772765534,vaishak::runs/nonspatial_bundle_smoke_1772772966,vaishak::runs/spatial_mixed_iter2_smoke_1772761400,vaishak::runs/spatial_mixed_iter3_decisive_1772762790,vaishak::runs/spatial_mixed_smoke_1772758158,vaishak::runs/spatial_mixed_smoke_1772758615,vaishak::runs/tptq_ablation_smoke_1772779198,vaishak::runs/tptq_ablation_smoke_fix_1772779890,vaishak::runs/tptq_lite_ablation_r15_1772782617,vaishak::runs/tptq_lite_ablation_r20_1772781924,vaishak::runs/tptq_lite_ablation_r25_1772781228",22,3,0,22,2,{},efficiency;vbench;vram_trace,False
1a41612d204d,moviegen,BF16,BF16,,,,"{""benchmark"":""moviegen"",""bits"":null,""cache_policy"":{""cadence"":null,""recent_blocks"":null},""method"":""BF16"",""method_family"":""BF16"",""quant_meta"":{}}","combined,vaishak","combined::runs/backfill_flowcache_adaptive_int2_1a41612d204d_10s,vaishak::runs/flowcache_adaptive_smoke_1772841690",1,3,0,4,3,{},,False
1f080d8dcc0e,moviegen,BF16,BF16,,,,"{""benchmark"":""moviegen"",""bits"":null,""cache_policy"":{""cadence"":null,""recent_blocks"":null},""method"":""BF16"",""method_family"":""BF16"",""quant_meta"":{}}","combined,vaishak","combined::runs/backfill_spatial_mixed_fg_rtn_int4_bg_rtn_int2_1f080d8dcc0e_10s,vaishak::runs/spatial_mixed_smoke_1772758158,vaishak::runs/spatial_mixed_smoke_1772758615",2,3,0,4,3,{},efficiency;fidelity;generation_log;vbench;videos,False
23a612bd2862,moviegen,BF16,BF16,,,,"{""benchmark"":""moviegen"",""bits"":null,""cache_policy"":{""cadence"":null,""recent_blocks"":null},""method"":""BF16"",""method_family"":""BF16"",""quant_meta"":{}}","combined,vaishak","combined::runs/backfill_prq_int4_23a612bd2862_10s,vaishak::runs/nonspatial_bundle_smoke_1772772966",1,3,0,4,3,{},,False
24b7f6c1cfbb,moviegen,BF16,BF16,,,,"{""benchmark"":""moviegen"",""bits"":null,""cache_policy"":{""cadence"":null,""recent_blocks"":null},""method"":""BF16"",""method_family"":""BF16"",""quant_meta"":{}}","combined,vaishak","combined::runs/backfill_flowcache_soft_prune_int2_24b7f6c1cfbb_10s,vaishak::runs/flowcache_soft_prune_int4_multiprompt_1772851813,vaishak::runs/flowcache_soft_prune_smoke_1772845366",2,3,0,5,3,{},,False
27bbc04277fe,moviegen,BF16,BF16,,,,"{""benchmark"":""moviegen"",""bits"":null,""cache_policy"":{""cadence"":null,""recent_blocks"":null},""method"":""BF16"",""method_family"":""BF16"",""quant_meta"":{}}","combined,vaishak","combined::runs/backfill_flowcache_prune_int4_27bbc04277fe_10s,vaishak::runs/flowcache_soft_prune_int4_multiprompt_1772851813,vaishak::runs/flowcache_soft_prune_smoke_1772845366",2,3,0,5,3,{},,False
2babecc6bab8,moviegen,BF16,BF16,,,,"{""benchmark"":""moviegen"",""bits"":null,""cache_policy"":{""cadence"":null,""recent_blocks"":null},""method"":""BF16"",""method_family"":""BF16"",""quant_meta"":{}}","combined,vaishak","combined::runs/backfill_tptq_int2_2babecc6bab8_10s,vaishak::runs/tptq_lite_ablation_r20_1772781924",1,3,0,4,3,{},,False
351b43b37ce8,moviegen,BF16,BF16,,,,"{""benchmark"":""moviegen"",""bits"":null,""cache_policy"":{""cadence"":null,""recent_blocks"":null},""method"":""BF16"",""method_family"":""BF16"",""quant_meta"":{}}","combined,vaishak","combined::runs/backfill_tptq_int2_351b43b37ce8_10s,vaishak::runs/tptq_lite_ablation_r25_1772781228",1,3,0,4,3,{},,False
3d327a450ca5,moviegen,BF16,BF16,,,,"{""benchmark"":""moviegen"",""bits"":null,""cache_policy"":{""cadence"":null,""recent_blocks"":null},""method"":""BF16"",""method_family"":""BF16"",""quant_meta"":{}}","combined,vaishak","combined::runs/backfill_spatial_mixed_fg_kivi_int4_bg_kivi_int2_3d327a450ca5_10s,vaishak::runs/kivi_spatial_smoke_1772765534",1,3,0,4,3,{},,False
44c4da374609,moviegen,BF16,BF16,,,,"{""benchmark"":""moviegen"",""bits"":null,""cache_policy"":{""cadence"":null,""recent_blocks"":null},""method"":""BF16"",""method_family"":""BF16"",""quant_meta"":{}}","combined,vaishak","combined::runs/backfill_tptq_int2_44c4da374609_10s,vaishak::runs/tptq_ablation_smoke_fix_1772779890",1,3,0,4,3,{},,False
56d7f051182b,moviegen,BF16,BF16,,,,"{""benchmark"":""moviegen"",""bits"":null,""cache_policy"":{""cadence"":null,""recent_blocks"":null},""method"":""BF16"",""method_family"":""BF16"",""quant_meta"":{}}","combined,vaishak","combined::runs/backfill_flowcache_native_soft_prune_int4_56d7f051182b_10s,vaishak::runs/flowcache_native_smoke_v2_1772868427",1,3,0,4,3,{},,False
580e67e08d8e,moviegen,BF16,BF16,,,,"{""benchmark"":""moviegen"",""bits"":null,""cache_policy"":{""cadence"":null,""recent_blocks"":null},""method"":""BF16"",""method_family"":""BF16"",""quant_meta"":{}}","combined,vaishak","combined::runs/backfill_spatial_mixed_fg_rtn_int4_bg_rtn_int4_580e67e08d8e_10s,vaishak::runs/spatial_mixed_iter3_decisive_1772762790",1,3,0,4,3,{},,False
5f5a998802bd,moviegen,BF16,BF16,,,,"{""benchmark"":""moviegen"",""bits"":null,""cache_policy"":{""cadence"":null,""recent_blocks"":null},""method"":""BF16"",""method_family"":""BF16"",""quant_meta"":{}}","combined,vaishak","combined::runs/backfill_flowcache_soft_prune_int4_5f5a998802bd_10s,vaishak::runs/flowcache_native_smoke_1772867470,vaishak::runs/flowcache_native_smoke_v2_1772868427,vaishak::runs/flowcache_soft_prune_int4_multiprompt_1772851813",3,3,0,5,3,{},fidelity,False
6f32ad98b6b8,moviegen,BF16,BF16,,,,"{""benchmark"":""moviegen"",""bits"":null,""cache_policy"":{""cadence"":null,""recent_blocks"":null},""method"":""BF16"",""method_family"":""BF16"",""quant_meta"":{}}","combined,vaishak","combined::runs/backfill_flowcache_native_6f32ad98b6b8_10s,vaishak::runs/flowcache_native_smoke_1772867470",1,3,0,3,3,{},fidelity,False
7743d4e12ea8,moviegen,BF16,BF16,,,,"{""benchmark"":""moviegen"",""bits"":null,""cache_policy"":{""cadence"":null,""recent_blocks"":null},""method"":""BF16"",""method_family"":""BF16"",""quant_meta"":{}}","combined,vaishak","combined::runs/backfill_flowcache_native_7743d4e12ea8_10s,vaishak::runs/flowcache_native_smoke_v2_1772868427",1,3,0,4,3,{},,False
91268059fdda,moviegen,BF16,BF16,,per_step,0,"{""benchmark"":""moviegen"",""bits"":null,""cache_policy"":{""cadence"":""per_step"",""recent_blocks"":0},""method"":""BF16"",""method_family"":""BF16"",""quant_meta"":{}}",suraj,"suraj::runs/1773035807_newideas10s_10prompts,suraj::runs/1773038789_newideas10s_10prompts,suraj::runs/1773110004_presentation_moviegen_fullmatrix",0,3,0,2,2,{},vbench,False
973ebc836fd7,moviegen,BF16,BF16,,,,"{""benchmark"":""moviegen"",""bits"":null,""cache_policy"":{""cadence"":null,""recent_blocks"":null},""method"":""BF16"",""method_family"":""BF16"",""quant_meta"":{}}","combined,vaishak","combined::runs/backfill_flowcache_hybrid_int2_973ebc836fd7_10s,vaishak::runs/flowcache_adaptive_smoke_1772841690",1,3,0,4,3,{},,False
990b60e0bbd4,moviegen,BF16,BF16,,,,"{""benchmark"":""moviegen"",""bits"":null,""cache_policy"":{""cadence"":null,""recent_blocks"":null},""method"":""BF16"",""method_family"":""BF16"",""quant_meta"":{}}","combined,vaishak","combined::runs/backfill_flowcache_prune_int2_990b60e0bbd4_10s,vaishak::runs/flowcache_prune_smoke_1772843810",1,3,0,4,3,{},,False
9cf4621557e3,moviegen,BF16,BF16,,,,"{""benchmark"":""moviegen"",""bits"":null,""cache_policy"":{""cadence"":null,""recent_blocks"":null},""method"":""BF16"",""method_family"":""BF16"",""quant_meta"":{}}","combined,vaishak","combined::runs/backfill_flowcache_hybrid_int2_973ebc836fd7_10s,vaishak::runs/flowcache_prune_smoke_1772843810",1,3,0,4,3,{},,False
a154b903b16c,moviegen,BF16,BF16,,,,"{""benchmark"":""moviegen"",""bits"":null,""cache_policy"":{""cadence"":null,""recent_blocks"":null},""method"":""BF16"",""method_family"":""BF16"",""quant_meta"":{}}","combined,vaishak","combined::runs/backfill_flowcache_adaptive_int2_a154b903b16c_10s,vaishak::runs/flowcache_prune_smoke_1772843810,vaishak::runs/flowcache_soft_prune_smoke_1772845366",2,3,0,5,3,{},,False
aa6e42af3d16,moviegen,BF16,BF16,,,,"{""benchmark"":""moviegen"",""bits"":null,""cache_policy"":{""cadence"":null,""recent_blocks"":null},""method"":""BF16"",""method_family"":""BF16"",""quant_meta"":{}}","combined,vaishak","combined::runs/backfill_qaq_int4_aa6e42af3d16_10s,vaishak::runs/nonspatial_bundle_smoke_1772772966",1,3,0,4,3,{},,False
ac822d436745,moviegen,BF16,BF16,,,,"{""benchmark"":""moviegen"",""bits"":null,""cache_policy"":{""cadence"":null,""recent_blocks"":null},""method"":""BF16"",""method_family"":""BF16"",""quant_meta"":{}}","combined,vaishak","combined::runs/backfill_flowcache_native_ac822d436745_10s,vaishak::runs/flowcache_native_calib_1772867470",1,3,0,3,3,{},fidelity;vbench,False
af0e1883d58d,moviegen,BF16,BF16,,,,"{""benchmark"":""moviegen"",""bits"":null,""cache_policy"":{""cadence"":null,""recent_blocks"":null},""method"":""BF16"",""method_family"":""BF16"",""quant_meta"":{}}","combined,vaishak","combined::runs/backfill_spatial_mixed_fg_quarot_kv_int4_bg_rtn_int2_af0e1883d58d_10s,vaishak::runs/spatial_mixed_iter3_decisive_1772762790",1,3,0,4,3,{},,False
bae80e29fbb6,moviegen,BF16,BF16,,,,"{""benchmark"":""moviegen"",""bits"":null,""cache_policy"":{""cadence"":null,""recent_blocks"":null},""method"":""BF16"",""method_family"":""BF16"",""quant_meta"":{}}","combined,vaishak","combined::runs/backfill_spatial_mixed_fg_rtn_int4_bg_rtn_int2_bae80e29fbb6_10s,vaishak::runs/spatial_mixed_iter3_decisive_1772762790",1,3,0,4,3,{},,False
bfbf5df8b757,moviegen,BF16,BF16,,,,"{""benchmark"":""moviegen"",""bits"":null,""cache_policy"":{""cadence"":null,""recent_blocks"":null},""method"":""BF16"",""method_family"":""BF16"",""quant_meta"":{}}","combined,vaishak","combined::runs/backfill_flowcache_hybrid_int2_bfbf5df8b757_10s,vaishak::runs/flowcache_hybrid_smoke_1772837498",1,3,0,4,3,{},,False
c64825ec3ea8,moviegen,BF16,BF16,,,,"{""benchmark"":""moviegen"",""bits"":null,""cache_policy"":{""cadence"":null,""recent_blocks"":null},""method"":""BF16"",""method_family"":""BF16"",""quant_meta"":{}}","combined,vaishak","combined::runs/backfill_spatial_mixed_fg_rtn_int4_bg_rtn_int2_1f080d8dcc0e_10s,vaishak::runs/spatial_mixed_iter2_smoke_1772761400",1,3,0,4,3,{},,False
c800cfa2a981,moviegen,BF16,BF16,,,,"{""benchmark"":""moviegen"",""bits"":null,""cache_policy"":{""cadence"":null,""recent_blocks"":null},""method"":""BF16"",""method_family"":""BF16"",""quant_meta"":{}}","combined,vaishak","combined::runs/_debug_prq_generate,combined::runs/_debug_prq_generate2,combined::runs/_debug_prq_generate3,combined::runs/_debug_prq_generate4,combined::runs/_debug_prq_generate5,combined::runs/_debug_prq_generate_lowmem,combined::runs/backfill_prq_int2_c800cfa2a981_10s,vaishak::runs/nonspatial_bundle_smoke_1772772966",6,4,0,4,3,{},efficiency;fidelity;generation_log;vbench;videos,False
d94a86f7481e,moviegen,BF16,BF16,,,,"{""benchmark"":""moviegen"",""bits"":null,""cache_policy"":{""cadence"":null,""recent_blocks"":null},""method"":""BF16"",""method_family"":""BF16"",""quant_meta"":{}}","combined,vaishak","combined::runs/backfill_tptq_int2_d94a86f7481e_10s,vaishak::runs/tptq_ablation_smoke_1772779198",1,3,0,3,3,{},efficiency;fidelity;generation_log;vbench;videos,False
dcc080e7d18f,moviegen,BF16,BF16,,,,"{""benchmark"":""moviegen"",""bits"":null,""cache_policy"":{""cadence"":null,""recent_blocks"":null},""method"":""BF16"",""method_family"":""BF16"",""quant_meta"":{}}","combined,vaishak","combined::runs/backfill_qaq_int2_dcc080e7d18f_10s,vaishak::runs/nonspatial_bundle_smoke_1772772966,vaishak::runs/tptq_ablation_smoke_1772779198,vaishak::runs/tptq_ablation_smoke_fix_1772779890,vaishak::runs/tptq_lite_ablation_r15_1772782617,vaishak::runs/tptq_lite_ablation_r20_1772781924,vaishak::runs/tptq_lite_ablation_r25_1772781228",6,3,0,8,3,{},fidelity;vbench,False
f163dc4eb7a9,moviegen,BF16,BF16,,,,"{""benchmark"":""moviegen"",""bits"":null,""cache_policy"":{""cadence"":null,""recent_blocks"":null},""method"":""BF16"",""method_family"":""BF16"",""quant_meta"":{}}","combined,vaishak","combined::runs/backfill_flowcache_prune_int2_f163dc4eb7a9_10s,vaishak::runs/flowcache_soft_prune_smoke_1772845366",1,3,0,4,3,{},,False
07ef11189f21,moviegen,KIVI_INT2,KIVI,2,,,"{""benchmark"":""moviegen"",""bits"":2,""cache_policy"":{""cadence"":null,""recent_blocks"":null},""method"":""KIVI_INT2"",""method_family"":""KIVI"",""quant_meta"":{}}","suraj,vaishak","suraj::legacy_root,suraj::runs/1772742389_baseline10_memfix_clean,suraj::runs/1772751420_baseline10s_10prompts_v3,suraj::runs/1773110004_presentation_moviegen_fullmatrix,vaishak::legacy_root,vaishak::runs/1772742389_baseline10_memfix_clean,vaishak::runs/1772751420_baseline10s_10prompts_v3",4,3,0,7,3,{},vram_trace,False
69f09414a336,moviegen,KIVI_INT4,KIVI,4,,,"{""benchmark"":""moviegen"",""bits"":4,""cache_policy"":{""cadence"":null,""recent_blocks"":null},""method"":""KIVI_INT4"",""method_family"":""KIVI"",""quant_meta"":{}}","suraj,vaishak","suraj::legacy_root,suraj::runs/1772742389_baseline10_memfix_clean,suraj::runs/1772751420_baseline10s_10prompts_v3,suraj::runs/1773110004_presentation_moviegen_fullmatrix,vaishak::legacy_root,vaishak::runs/1772742389_baseline10_memfix_clean,vaishak::runs/1772751420_baseline10s_10prompts_v3,vaishak::runs/spatial_mixed_smoke_1772758158,vaishak::runs/spatial_mixed_smoke_1772758615",6,3,0,8,3,{},fidelity;vbench;vram_trace,False
7f8b57339986,moviegen,KIVI_INT4_REFRESH,KIVI,4,refresh_only,0,"{""benchmark"":""moviegen"",""bits"":4,""cache_policy"":{""cadence"":""refresh_only"",""recent_blocks"":0},""method"":""KIVI_INT4_REFRESH"",""method_family"":""KIVI"",""quant_meta"":{}}",suraj,"suraj::runs/1773038789_newideas10s_10prompts,suraj::runs/1773110004_presentation_moviegen_fullmatrix",0,2,0,2,2,{},,False
debbb03d1c5b,moviegen,KIVI_INT4_REFRESH,KIVI,4,,,"{""benchmark"":""moviegen"",""bits"":4,""cache_policy"":{""cadence"":null,""recent_blocks"":null},""method"":""KIVI_INT4_REFRESH"",""method_family"":""KIVI"",""quant_meta"":{}}",suraj,"suraj::runs/1773035807_newideas10s_10prompts,suraj::runs/1773037963_newideas10s_10prompts",0,2,0,0,0,{},efficiency;fidelity;generation_log;vbench;videos,False
71a98ce634cd,moviegen,KIVI_K2_V4,KIVI,,,,"{""benchmark"":""moviegen"",""bits"":null,""cache_policy"":{""cadence"":null,""recent_blocks"":null},""method"":""KIVI_K2_V4"",""method_family"":""KIVI"",""quant_meta"":{}}",suraj,"suraj::runs/1773038789_newideas10s_10prompts,suraj::runs/1773110004_presentation_moviegen_fullmatrix",0,2,0,0,0,{},efficiency;fidelity;vbench,False
25522089e304,moviegen,QUAROT_KV_INT2,QUAROT_KV,2,,,"{""benchmark"":""moviegen"",""bits"":2,""cache_policy"":{""cadence"":null,""recent_blocks"":null},""method"":""QUAROT_KV_INT2"",""method_family"":""QUAROT_KV"",""quant_meta"":{}}","suraj,vaishak","suraj::legacy_root,suraj::runs/1772742389_baseline10_memfix_clean,suraj::runs/1772751420_baseline10s_10prompts_v3,suraj::runs/1773110004_presentation_moviegen_fullmatrix,vaishak::legacy_root,vaishak::runs/1772742389_baseline10_memfix_clean,vaishak::runs/1772751420_baseline10s_10prompts_v3",4,3,0,6,2,{},fidelity;vram_trace,False
1a32fb70e666,moviegen,QUAROT_KV_INT4,QUAROT_KV,4,,,"{""benchmark"":""moviegen"",""bits"":4,""cache_policy"":{""cadence"":null,""recent_blocks"":null},""method"":""QUAROT_KV_INT4"",""method_family"":""QUAROT_KV"",""quant_meta"":{}}","suraj,vaishak","suraj::legacy_root,suraj::runs/1772742389_baseline10_memfix_clean,suraj::runs/1772751420_baseline10s_10prompts_v3,suraj::runs/1773110004_presentation_moviegen_fullmatrix,vaishak::legacy_root,vaishak::runs/1772742389_baseline10_memfix_clean,vaishak::runs/1772751420_baseline10s_10prompts_v3",4,3,0,7,3,{},vram_trace,False
9d4cb6a1d81e,moviegen,QUAROT_KV_INT4_RECENT2,QUAROT_KV,4,per_step,2,"{""benchmark"":""moviegen"",""bits"":4,""cache_policy"":{""cadence"":""per_step"",""recent_blocks"":2},""method"":""QUAROT_KV_INT4_RECENT2"",""method_family"":""QUAROT_KV"",""quant_meta"":{}}",suraj,"suraj::runs/1773038789_newideas10s_10prompts,suraj::runs/1773110004_presentation_moviegen_fullmatrix",0,2,0,2,2,{},,False
e56f613f7d68,moviegen,QUAROT_KV_INT4_REFRESH,QUAROT_KV,4,,,"{""benchmark"":""moviegen"",""bits"":4,""cache_policy"":{""cadence"":null,""recent_blocks"":null},""method"":""QUAROT_KV_INT4_REFRESH"",""method_family"":""QUAROT_KV"",""quant_meta"":{}}",suraj,"suraj::runs/1773035807_newideas10s_10prompts,suraj::runs/1773037963_newideas10s_10prompts,suraj::runs/1773110004_presentation_moviegen_fullmatrix",0,3,0,0,0,{},efficiency;fidelity;generation_log;vbench;videos,False
cb9b6c981287,moviegen,RTN_INT2,RTN,2,,,"{""benchmark"":""moviegen"",""bits"":2,""cache_policy"":{""cadence"":null,""recent_blocks"":null},""method"":""RTN_INT2"",""method_family"":""RTN"",""quant_meta"":{}}","suraj,vaishak","suraj::legacy_root,suraj::runs/1772742389_baseline10_memfix_clean,suraj::runs/1772751420_baseline10s_10prompts_v3,suraj::runs/1773110004_presentation_moviegen_fullmatrix,vaishak::legacy_root,vaishak::runs/1772742389_baseline10_memfix_clean,vaishak::runs/1772751420_baseline10s_10prompts_v3",4,3,0,7,3,{},vram_trace,False
38e1ba7158a6,moviegen,RTN_INT4,RTN,4,,,"{""benchmark"":""moviegen"",""bits"":4,""cache_policy"":{""cadence"":null,""recent_blocks"":null},""method"":""RTN_INT4"",""method_family"":""RTN"",""quant_meta"":{}}","suraj,vaishak","suraj::legacy_root,suraj::runs/1772742389_baseline10_memfix_clean,suraj::runs/1772751420_baseline10s_10prompts_v3,suraj::runs/1773110004_presentation_moviegen_fullmatrix,vaishak::legacy_root,vaishak::runs/1772742389_baseline10_memfix_clean,vaishak::runs/1772751420_baseline10s_10prompts_v3,vaishak::runs/flowcache_adaptive_smoke_1772841690,vaishak::runs/flowcache_hybrid_smoke_1772837498,vaishak::runs/flowcache_native_smoke_1772867470,vaishak::runs/flowcache_native_smoke_v2_1772868427,vaishak::runs/flowcache_prune_smoke_1772843810,vaishak::runs/flowcache_soft_prune_int4_multiprompt_1772851813,vaishak::runs/flowcache_soft_prune_smoke_1772845366,vaishak::runs/nonspatial_bundle_smoke_1772772966,vaishak::runs/spatial_mixed_iter2_smoke_1772761400,vaishak::runs/spatial_mixed_iter3_decisive_1772762790,vaishak::runs/spatial_mixed_smoke_1772758158,vaishak::runs/spatial_mixed_smoke_1772758615,vaishak::runs/tptq_ablation_smoke_1772779198,vaishak::runs/tptq_ablation_smoke_fix_1772779890,vaishak::runs/tptq_lite_ablation_r15_1772782617,vaishak::runs/tptq_lite_ablation_r20_1772781924,vaishak::runs/tptq_lite_ablation_r25_1772781228",21,3,0,21,3,{},fidelity;vbench;vram_trace,False
a529c4b9b5bc,moviegen,RTN_INT4_RECENT2,RTN,4,per_step,2,"{""benchmark"":""moviegen"",""bits"":4,""cache_policy"":{""cadence"":""per_step"",""recent_blocks"":2},""method"":""RTN_INT4_RECENT2"",""method_family"":""RTN"",""quant_meta"":{}}",suraj,"suraj::runs/1773038789_newideas10s_10prompts,suraj::runs/1773110004_presentation_moviegen_fullmatrix",0,2,0,2,2,{},,False
6d1d030c9066,moviegen,RTN_INT4_REFRESH,RTN,4,,,"{""benchmark"":""moviegen"",""bits"":4,""cache_policy"":{""cadence"":null,""recent_blocks"":null},""method"":""RTN_INT4_REFRESH"",""method_family"":""RTN"",""quant_meta"":{}}",suraj,"suraj::runs/1773035807_newideas10s_10prompts,suraj::runs/1773037963_newideas10s_10prompts",0,2,0,0,0,{},efficiency;fidelity;generation_log;vbench;videos,False
c3dbce195491,moviegen,RTN_INT4_REFRESH,RTN,4,refresh_only,0,"{""benchmark"":""moviegen"",""bits"":4,""cache_policy"":{""cadence"":""refresh_only"",""recent_blocks"":0},""method"":""RTN_INT4_REFRESH"",""method_family"":""RTN"",""quant_meta"":{}}",suraj,"suraj::runs/1773038789_newideas10s_10prompts,suraj::runs/1773110004_presentation_moviegen_fullmatrix",0,2,0,2,2,{},,False
a5f3a9f0caab,moviegen,RTN_K2_V4,RTN,,,,"{""benchmark"":""moviegen"",""bits"":null,""cache_policy"":{""cadence"":null,""recent_blocks"":null},""method"":""RTN_K2_V4"",""method_family"":""RTN"",""quant_meta"":{}}",suraj,"suraj::runs/1773038789_newideas10s_10prompts,suraj::runs/1773110004_presentation_moviegen_fullmatrix",0,2,0,0,0,{},efficiency;fidelity;vbench,False
676751ca069e,storyeval,BF16,BF16,,,,"{""benchmark"":""storyeval"",""bits"":null,""cache_policy"":{""cadence"":null,""recent_blocks"":null},""method"":""BF16"",""method_family"":""BF16"",""quant_meta"":{}}",suraj,"suraj::storyeval/debug_storyeval_bf16_gpu,suraj::storyeval/storyeval_BF16_10prompts_10s_1772778462,suraj::storyeval/storyeval_BF16_10prompts_10s_1772778517,suraj::storyeval/storyeval_BF16_10prompts_10s_1772778648",0,0,2,1,1,{},config;drift;per_prompt;summary;vbench;videos;vram_trace,False
d56d6c39cf80,storyeval,BF16,BF16,,per_step,0,"{""benchmark"":""storyeval"",""bits"":null,""cache_policy"":{""cadence"":""per_step"",""recent_blocks"":0},""method"":""BF16"",""method_family"":""BF16"",""quant_meta"":{}}",suraj,"suraj::storyeval/storyeval_BF16_10prompts_10s_1773038789,suraj::storyeval/storyeval_BF16_presentation_fullmatrix_1773110004",0,0,2,2,2,{},,False
5c6eb3274bbf,storyeval,KIVI_INT2,KIVI,2,,,"{""benchmark"":""storyeval"",""bits"":2,""cache_policy"":{""cadence"":null,""recent_blocks"":null},""method"":""KIVI_INT2"",""method_family"":""KIVI"",""quant_meta"":{}}",suraj,"suraj::storyeval/storyeval_KIVI_INT2_10prompts_10s_1772778462,suraj::storyeval/storyeval_KIVI_INT2_10prompts_10s_1772778648,suraj::storyeval/storyeval_KIVI_INT2_presentation_fullmatrix_1773110004",0,0,2,2,2,{},config;drift;per_prompt;summary;vbench;videos;vram_trace,False
6bf0672ff51a,storyeval,KIVI_INT4,KIVI,4,,,"{""benchmark"":""storyeval"",""bits"":4,""cache_policy"":{""cadence"":null,""recent_blocks"":null},""method"":""KIVI_INT4"",""method_family"":""KIVI"",""quant_meta"":{}}",suraj,"suraj::storyeval/storyeval_KIVI_INT4_10prompts_10s_1772778462,suraj::storyeval/storyeval_KIVI_INT4_10prompts_10s_1772778517,suraj::storyeval/storyeval_KIVI_INT4_10prompts_10s_1772778648,suraj::storyeval/storyeval_KIVI_INT4_presentation_fullmatrix_1773110004",0,0,2,2,2,{},config;drift;per_prompt;summary;vbench;videos;vram_trace,False
196ce26957d9,storyeval,KIVI_INT4_REFRESH,KIVI,4,refresh_only,0,"{""benchmark"":""storyeval"",""bits"":4,""cache_policy"":{""cadence"":""refresh_only"",""recent_blocks"":0},""method"":""KIVI_INT4_REFRESH"",""method_family"":""KIVI"",""quant_meta"":{}}",suraj,"suraj::storyeval/storyeval_KIVI_INT4_REFRESH_10prompts_10s_1773038789,suraj::storyeval/storyeval_KIVI_INT4_REFRESH_presentation_fullmatrix_1773110004",0,0,2,2,2,{},,False
74a6796ebe0e,storyeval,KIVI_K2_V4,KIVI,,,,"{""benchmark"":""storyeval"",""bits"":null,""cache_policy"":{""cadence"":null,""recent_blocks"":null},""method"":""KIVI_K2_V4"",""method_family"":""KIVI"",""quant_meta"":{}}",suraj,suraj::storyeval/storyeval_KIVI_K2_V4_presentation_fullmatrix_1773110004,0,0,0,0,0,{},drift;per_prompt;vbench;videos;vram_trace,False
ed1b4a5bb2b5,storyeval,METHOD,METHOD,,,,"{""benchmark"":""storyeval"",""bits"":null,""cache_policy"":{""cadence"":null,""recent_blocks"":null},""method"":""METHOD"",""method_family"":""METHOD"",""quant_meta"":{}}",suraj,suraj::storyeval/debug_storyeval_method,0,0,0,0,0,{},config;drift;per_prompt;summary;vbench;videos;vram_trace,False
bc025aaf2025,storyeval,QUAROT_KV_INT2,QUAROT_KV,2,,,"{""benchmark"":""storyeval"",""bits"":2,""cache_policy"":{""cadence"":null,""recent_blocks"":null},""method"":""QUAROT_KV_INT2"",""method_family"":""QUAROT_KV"",""quant_meta"":{}}",suraj,"suraj::storyeval/storyeval_QUAROT_KV_INT2_10prompts_10s_1772778462,suraj::storyeval/storyeval_QUAROT_KV_INT2_10prompts_10s_1772778648,suraj::storyeval/storyeval_QUAROT_KV_INT2_presentation_fullmatrix_1773110004",0,0,2,2,2,{},config;drift;per_prompt;summary;vbench;videos;vram_trace,False
d75358dcd39b,storyeval,QUAROT_KV_INT4,QUAROT_KV,4,,,"{""benchmark"":""storyeval"",""bits"":4,""cache_policy"":{""cadence"":null,""recent_blocks"":null},""method"":""QUAROT_KV_INT4"",""method_family"":""QUAROT_KV"",""quant_meta"":{}}",suraj,"suraj::storyeval/storyeval_QUAROT_KV_INT4_10prompts_10s_1772778462,suraj::storyeval/storyeval_QUAROT_KV_INT4_10prompts_10s_1772778648,suraj::storyeval/storyeval_QUAROT_KV_INT4_presentation_fullmatrix_1773110004",0,0,2,2,2,{},config;drift;per_prompt;summary;vbench;videos;vram_trace,False
e10f5f85e90d,storyeval,QUAROT_KV_INT4_RECENT2,QUAROT_KV,4,per_step,2,"{""benchmark"":""storyeval"",""bits"":4,""cache_policy"":{""cadence"":""per_step"",""recent_blocks"":2},""method"":""QUAROT_KV_INT4_RECENT2"",""method_family"":""QUAROT_KV"",""quant_meta"":{}}",suraj,"suraj::storyeval/storyeval_QUAROT_KV_INT4_RECENT2_10prompts_10s_1773038789,suraj::storyeval/storyeval_QUAROT_KV_INT4_RECENT2_presentation_fullmatrix_1773110004",0,0,2,2,2,{},,False
54a7c94fdb00,storyeval,QUAROT_KV_INT4_REFRESH,QUAROT_KV,4,,,"{""benchmark"":""storyeval"",""bits"":4,""cache_policy"":{""cadence"":null,""recent_blocks"":null},""method"":""QUAROT_KV_INT4_REFRESH"",""method_family"":""QUAROT_KV"",""quant_meta"":{}}",suraj,suraj::storyeval/storyeval_QUAROT_KV_INT4_REFRESH_presentation_fullmatrix_1773110004,0,0,0,0,0,{},drift;per_prompt;vbench;videos;vram_trace,False
8920bfe5de44,storyeval,RTN_INT2,RTN,2,,,"{""benchmark"":""storyeval"",""bits"":2,""cache_policy"":{""cadence"":null,""recent_blocks"":null},""method"":""RTN_INT2"",""method_family"":""RTN"",""quant_meta"":{}}",suraj,"suraj::storyeval/storyeval_RTN_INT2_10prompts_10s_1772778462,suraj::storyeval/storyeval_RTN_INT2_10prompts_10s_1772778517,suraj::storyeval/storyeval_RTN_INT2_10prompts_10s_1772778648,suraj::storyeval/storyeval_RTN_INT2_presentation_fullmatrix_1773110004",0,0,2,2,2,{},config;drift;per_prompt;summary;vbench;videos;vram_trace,False
0340d3dd302f,storyeval,RTN_INT4,RTN,4,,,"{""benchmark"":""storyeval"",""bits"":4,""cache_policy"":{""cadence"":null,""recent_blocks"":null},""method"":""RTN_INT4"",""method_family"":""RTN"",""quant_meta"":{}}",suraj,"suraj::storyeval/storyeval_RTN_INT4_10prompts_10s_1772778462,suraj::storyeval/storyeval_RTN_INT4_10prompts_10s_1772778517,suraj::storyeval/storyeval_RTN_INT4_10prompts_10s_1772778648,suraj::storyeval/storyeval_RTN_INT4_presentation_fullmatrix_1773110004",0,0,2,2,2,{},config;drift;per_prompt;summary;vbench;videos;vram_trace,False
fb86957810b5,storyeval,RTN_INT4_RECENT2,RTN,4,per_step,2,"{""benchmark"":""storyeval"",""bits"":4,""cache_policy"":{""cadence"":""per_step"",""recent_blocks"":2},""method"":""RTN_INT4_RECENT2"",""method_family"":""RTN"",""quant_meta"":{}}",suraj,"suraj::storyeval/storyeval_RTN_INT4_RECENT2_10prompts_10s_1773038789,suraj::storyeval/storyeval_RTN_INT4_RECENT2_presentation_fullmatrix_1773110004",0,0,2,2,2,{},,False
57ae6bf0555f,storyeval,RTN_INT4_REFRESH,RTN,4,refresh_only,0,"{""benchmark"":""storyeval"",""bits"":4,""cache_policy"":{""cadence"":""refresh_only"",""recent_blocks"":0},""method"":""RTN_INT4_REFRESH"",""method_family"":""RTN"",""quant_meta"":{}}",suraj,"suraj::storyeval/storyeval_RTN_INT4_REFRESH_10prompts_10s_1773038789,suraj::storyeval/storyeval_RTN_INT4_REFRESH_presentation_fullmatrix_1773110004",0,0,2,2,2,{},,False
ac8ee23d0b41,storyeval,RTN_K2_V4,RTN,,,,"{""benchmark"":""storyeval"",""bits"":null,""cache_policy"":{""cadence"":null,""recent_blocks"":null},""method"":""RTN_K2_V4"",""method_family"":""RTN"",""quant_meta"":{}}",suraj,suraj::storyeval/storyeval_RTN_K2_V4_presentation_fullmatrix_1773110004,0,0,0,0,0,{},drift;per_prompt;vbench;videos;vram_trace,False
