source_repo,run_name,run_root,config_id,method,method_family,config_payload,quant_meta,compression_ratio,peak_vram_bytes,peak_vram_gb,total_runtime_s,avg_runtime_s_per_prompt,quantize_time_s,dequantize_time_s,psnr,ssim,lpips,background_consistency,imaging_quality,subject_consistency,aesthetic_quality,display_label
combined,backfill_age_tier_int2_e8623fd4255c_10s,/data/vaishak/combined-kv-quant/results/runs/backfill_age_tier_int2_e8623fd4255c_10s,e8623fd4255c,AGE_TIER_INT2,AGE_TIER,"{""benchmark"": ""moviegen"", ""bits"": 2, ""cache_policy"": {""cadence"": null, ""recent_blocks"": null}, ""method"": ""AGE_TIER_INT2"", ""method_family"": ""AGE_TIER"", ""quant_meta"": {""age_tier_config_recent_ratio"": 0.25, ""age_tier_old_bits"": 2.0, ""age_tier_recent_bits"": 4.0}}","{""age_tier_config_recent_ratio"": 0.25, ""age_tier_old_bits"": 2.0, ""age_tier_recent_bits"": 4.0}",4.539918681010538,15437721600.0,14.377498626708984,1030.7772899977863,103.07772899977863,204.69149913778529,6.7086998373270035,15.11759755836103,0.4545111275945466,0.4723210892394524,0.8623932629096799,0.573553040082527,0.7922369511570873,0.50875144302845,"AGE_TIER_INT2 | recent=0.25, old=2"
combined,backfill_age_tier_int2_9bbee19b8cfd_10s,/data/vaishak/combined-kv-quant/results/runs/backfill_age_tier_int2_9bbee19b8cfd_10s,9bbee19b8cfd,AGE_TIER_INT2,AGE_TIER,"{""benchmark"": ""moviegen"", ""bits"": 2, ""cache_policy"": {""cadence"": null, ""recent_blocks"": null}, ""method"": ""AGE_TIER_INT2"", ""method_family"": ""AGE_TIER"", ""quant_meta"": {""age_tier_config_recent_ratio"": 0.3, ""age_tier_old_bits"": 2.0, ""age_tier_recent_bits"": 4.0}}","{""age_tier_config_recent_ratio"": 0.3, ""age_tier_old_bits"": 2.0, ""age_tier_recent_bits"": 4.0}",4.414506364707783,15437736960.0,14.37751293182373,1052.5084190447815,105.25084190447815,204.71710980311036,6.769590204115957,15.181814155670157,0.45659412055661885,0.47035289847912887,0.8635956554878049,0.5780507068865226,0.7943759368687141,0.5102153599262238,"AGE_TIER_INT2 | recent=0.3, old=2"
combined,backfill_age_tier_int4_74dcf380574b_10s,/data/vaishak/combined-kv-quant/results/runs/backfill_age_tier_int4_74dcf380574b_10s,74dcf380574b,AGE_TIER_INT4,AGE_TIER,"{""benchmark"": ""moviegen"", ""bits"": 4, ""cache_policy"": {""cadence"": null, ""recent_blocks"": null}, ""method"": ""AGE_TIER_INT4"", ""method_family"": ""AGE_TIER"", ""quant_meta"": {""age_tier_config_recent_ratio"": 0.3, ""age_tier_old_bits"": 4.0, ""age_tier_recent_bits"": 4.0}}","{""age_tier_config_recent_ratio"": 0.3, ""age_tier_old_bits"": 4.0, ""age_tier_recent_bits"": 4.0}",3.1842960066066124,15437736960.0,14.37751293182373,1038.5739578837529,103.85739578837529,207.40606866171584,7.277754531707615,21.317575605923494,0.6879624177967927,0.18043286498981723,0.9453547780106707,0.7350712772716176,0.9404108505060033,0.646659004688263,AGE_TIER_INT4
suraj,1773038789_newideas10s_10prompts,/data/suraj/kv-quant-longhorizon/results/runs/1773038789_newideas10s_10prompts,91268059fdda,BF16,BF16,"{""benchmark"": ""moviegen"", ""bits"": null, ""cache_policy"": {""cadence"": ""per_step"", ""recent_blocks"": 0}, ""method"": ""BF16"", ""method_family"": ""BF16"", ""quant_meta"": {}}",{},1.0,20701900800.0,19.280147552490234,585.7258332190104,58.572583321901035,0.0,0.0,,,,0.9553621617759146,0.7390351243452593,0.9543555233354976,0.6649111092090607,BF16
combined,backfill_flowcache_adaptive_int2_a154b903b16c_10s,/data/vaishak/combined-kv-quant/results/runs/backfill_flowcache_adaptive_int2_a154b903b16c_10s,a154b903b16c,FLOWCACHE_ADAPTIVE_INT2,FLOWCACHE_ADAPTIVE,"{""benchmark"": ""moviegen"", ""bits"": 2, ""cache_policy"": {""cadence"": null, ""recent_blocks"": null}, ""method"": ""FLOWCACHE_ADAPTIVE_INT2"", ""method_family"": ""FLOWCACHE_ADAPTIVE"", ""quant_meta"": {""flowcache_adaptive_config_chunk_recent_ratio"": 0.25, ""flowcache_adaptive_config_important_old_ratio"": 0.1, ""flowcache_adaptive_importance_alpha"": 0.7, ""flowcache_adaptive_importance_beta"": 0.3, ""flowcache_adaptive_old_bits"": 2.0, ""flowcache_adaptive_recent_bits"": 4.0}}","{""flowcache_adaptive_config_chunk_recent_ratio"": 0.25, ""flowcache_adaptive_config_important_old_ratio"": 0.1, ""flowcache_adaptive_importance_alpha"": 0.7, ""flowcache_adaptive_importance_beta"": 0.3, ""flowcache_adaptive_old_bits"": 2.0, ""flowcache_adaptive_recent_bits"": 4.0}",4.431185005524609,15435668992.0,14.375586986541748,915.5596232791431,91.55596232791432,308.2987710139714,9.150452251080424,15.11893812352979,0.441276780800833,0.4726510051008539,0.8573317364948552,0.5999026938351718,0.7677821541704782,0.5014305889606476,"FLOWCACHE_ADAPTIVE_INT2 | old=0.1, recent=0.25"
combined,backfill_flowcache_adaptive_int2_1a41612d204d_10s,/data/vaishak/combined-kv-quant/results/runs/backfill_flowcache_adaptive_int2_1a41612d204d_10s,1a41612d204d,FLOWCACHE_ADAPTIVE_INT2,FLOWCACHE_ADAPTIVE,"{""benchmark"": ""moviegen"", ""bits"": 2, ""cache_policy"": {""cadence"": null, ""recent_blocks"": null}, ""method"": ""FLOWCACHE_ADAPTIVE_INT2"", ""method_family"": ""FLOWCACHE_ADAPTIVE"", ""quant_meta"": {""flowcache_adaptive_config_chunk_recent_ratio"": 0.25, ""flowcache_adaptive_config_important_old_ratio"": 0.2, ""flowcache_adaptive_importance_alpha"": 0.7, ""flowcache_adaptive_importance_beta"": 0.3, ""flowcache_adaptive_old_bits"": 2.0, ""flowcache_adaptive_recent_bits"": 4.0}}","{""flowcache_adaptive_config_chunk_recent_ratio"": 0.25, ""flowcache_adaptive_config_important_old_ratio"": 0.2, ""flowcache_adaptive_importance_alpha"": 0.7, ""flowcache_adaptive_importance_beta"": 0.3, ""flowcache_adaptive_old_bits"": 2.0, ""flowcache_adaptive_recent_bits"": 4.0}",4.268150183254579,15435554816.0,14.375480651855469,926.3352319640107,92.63352319640107,309.8171508386731,9.533979752101004,15.194284200506251,0.4479022570595089,0.46448284364136105,0.866728545398247,0.615544806948575,0.7868627275862708,0.5128850728273392,"FLOWCACHE_ADAPTIVE_INT2 | old=0.2, recent=0.25"
combined,backfill_flowcache_hybrid_int2_973ebc836fd7_10s,/data/vaishak/combined-kv-quant/results/runs/backfill_flowcache_hybrid_int2_973ebc836fd7_10s,973ebc836fd7,FLOWCACHE_HYBRID_INT2,FLOWCACHE_HYBRID,"{""benchmark"": ""moviegen"", ""bits"": 2, ""cache_policy"": {""cadence"": null, ""recent_blocks"": null}, ""method"": ""FLOWCACHE_HYBRID_INT2"", ""method_family"": ""FLOWCACHE_HYBRID"", ""quant_meta"": {""flowcache_config_chunk_recent_ratio"": 0.25, ""flowcache_max_layer_budget_scale"": 1.3, ""flowcache_min_layer_budget_scale"": 0.7, ""flowcache_recent_bits"": 4.0}}","{""flowcache_config_chunk_recent_ratio"": 0.25, ""flowcache_max_layer_budget_scale"": 1.3, ""flowcache_min_layer_budget_scale"": 0.7, ""flowcache_recent_bits"": 4.0}",4.606619870186145,15437124096.0,14.376942157745361,825.9248653175309,82.5924865317531,208.02333545451984,7.091497792862356,15.624356083358226,0.4706763693496557,0.4538435159021085,0.8770199659394055,0.6162824032639012,0.8152883695029631,0.5240105628967285,"FLOWCACHE_HYBRID_INT2 | recent=0.25, min=0.7"
combined,backfill_flowcache_hybrid_int2_bfbf5df8b757_10s,/data/vaishak/combined-kv-quant/results/runs/backfill_flowcache_hybrid_int2_bfbf5df8b757_10s,bfbf5df8b757,FLOWCACHE_HYBRID_INT2,FLOWCACHE_HYBRID,"{""benchmark"": ""moviegen"", ""bits"": 2, ""cache_policy"": {""cadence"": null, ""recent_blocks"": null}, ""method"": ""FLOWCACHE_HYBRID_INT2"", ""method_family"": ""FLOWCACHE_HYBRID"", ""quant_meta"": {""flowcache_config_chunk_recent_ratio"": 0.25, ""flowcache_max_layer_budget_scale"": 1.25, ""flowcache_min_layer_budget_scale"": 0.75, ""flowcache_recent_bits"": 4.0}}","{""flowcache_config_chunk_recent_ratio"": 0.25, ""flowcache_max_layer_budget_scale"": 1.25, ""flowcache_min_layer_budget_scale"": 0.75, ""flowcache_recent_bits"": 4.0}",4.540390590444161,15436900352.0,14.376733779907227,828.4196875719354,82.84196875719354,207.73862428823486,6.788372038397938,15.636942353810458,0.47256025165785864,0.4432201982163965,0.8852885920826982,0.6415476112134528,0.830788081248359,0.5418873131275177,"FLOWCACHE_HYBRID_INT2 | recent=0.25, min=0.75"
combined,backfill_flowcache_native_6f32ad98b6b8_10s,/data/vaishak/combined-kv-quant/results/runs/backfill_flowcache_native_6f32ad98b6b8_10s,6f32ad98b6b8,FLOWCACHE_NATIVE,FLOWCACHE_NATIVE,"{""benchmark"": ""moviegen"", ""bits"": null, ""cache_policy"": {""cadence"": null, ""recent_blocks"": null}, ""method"": ""FLOWCACHE_NATIVE"", ""method_family"": ""FLOWCACHE_NATIVE"", ""quant_meta"": {""flowcache_native_rel_l1_thresh"": 0.1}}","{""flowcache_native_rel_l1_thresh"": 0.1}",1.0,20756227072.0,19.330742835998535,591.5395279964432,59.15395279964432,0.0,0.0,,1.0,0.0,0.9553621617759146,0.7390351243452593,0.9543555233354976,0.6649111092090607,FLOWCACHE_NATIVE | thr=0.1
combined,backfill_flowcache_native_7743d4e12ea8_10s,/data/vaishak/combined-kv-quant/results/runs/backfill_flowcache_native_7743d4e12ea8_10s,7743d4e12ea8,FLOWCACHE_NATIVE,FLOWCACHE_NATIVE,"{""benchmark"": ""moviegen"", ""bits"": null, ""cache_policy"": {""cadence"": null, ""recent_blocks"": null}, ""method"": ""FLOWCACHE_NATIVE"", ""method_family"": ""FLOWCACHE_NATIVE"", ""quant_meta"": {""flowcache_native_rel_l1_thresh"": 1.5}}","{""flowcache_native_rel_l1_thresh"": 1.5}",1.0,20731253760.0,19.30748462677002,482.8725273194723,48.28725273194723,0.0,0.0,13.254866816178843,0.41153372203565236,0.4506317637183449,0.9518812226086129,0.7377193778066925,0.9608992080681208,0.6608117580413818,FLOWCACHE_NATIVE | thr=1.5
combined,backfill_flowcache_native_soft_prune_int4_068de819e000_10s,/data/vaishak/combined-kv-quant/results/runs/backfill_flowcache_native_soft_prune_int4_068de819e000_10s,068de819e000,FLOWCACHE_NATIVE_SOFT_PRUNE_INT4,FLOWCACHE_NATIVE_SOFT_PRUNE,"{""benchmark"": ""moviegen"", ""bits"": 4, ""cache_policy"": {""cadence"": null, ""recent_blocks"": null}, ""method"": ""FLOWCACHE_NATIVE_SOFT_PRUNE_INT4"", ""method_family"": ""FLOWCACHE_NATIVE_SOFT_PRUNE"", ""quant_meta"": {""flowcache_native_rel_l1_thresh"": 0.1, ""flowcache_soft_prune_config_chunk_recent_ratio"": 0.25, ""flowcache_soft_prune_config_important_old_ratio"": 0.1, ""flowcache_soft_prune_config_retained_old_ratio"": 0.45, ""flowcache_soft_prune_old_bits"": 4.0, ""flowcache_soft_prune_recent_bits"": 4.0, ""flowcache_soft_prune_refresh_gap_chunks"": 1.0}}","{""flowcache_native_rel_l1_thresh"": 0.1, ""flowcache_soft_prune_config_chunk_recent_ratio"": 0.25, ""flowcache_soft_prune_config_important_old_ratio"": 0.1, ""flowcache_soft_prune_config_retained_old_ratio"": 0.45, ""flowcache_soft_prune_old_bits"": 4.0, ""flowcache_soft_prune_recent_bits"": 4.0, ""flowcache_soft_prune_refresh_gap_chunks"": 1.0}",5.4899017762036495,12678505472.0,11.807778358459473,761.6267044092529,76.16267044092528,95.11939861858264,15.845334144774824,17.673425812234832,0.5441752781228474,0.29745334073499013,0.9475742247046494,0.7390279605749882,0.9461035509298488,0.6552892684936523,FLOWCACHE_NATIVE_SOFT_PRUNE_INT4 | thr=0.1
combined,backfill_flowcache_native_soft_prune_int4_56d7f051182b_10s,/data/vaishak/combined-kv-quant/results/runs/backfill_flowcache_native_soft_prune_int4_56d7f051182b_10s,56d7f051182b,FLOWCACHE_NATIVE_SOFT_PRUNE_INT4,FLOWCACHE_NATIVE_SOFT_PRUNE,"{""benchmark"": ""moviegen"", ""bits"": 4, ""cache_policy"": {""cadence"": null, ""recent_blocks"": null}, ""method"": ""FLOWCACHE_NATIVE_SOFT_PRUNE_INT4"", ""method_family"": ""FLOWCACHE_NATIVE_SOFT_PRUNE"", ""quant_meta"": {""flowcache_native_rel_l1_thresh"": 1.5, ""flowcache_soft_prune_config_chunk_recent_ratio"": 0.25, ""flowcache_soft_prune_config_important_old_ratio"": 0.1, ""flowcache_soft_prune_config_retained_old_ratio"": 0.45, ""flowcache_soft_prune_old_bits"": 4.0, ""flowcache_soft_prune_recent_bits"": 4.0, ""flowcache_soft_prune_refresh_gap_chunks"": 1.0}}","{""flowcache_native_rel_l1_thresh"": 1.5, ""flowcache_soft_prune_config_chunk_recent_ratio"": 0.25, ""flowcache_soft_prune_config_important_old_ratio"": 0.1, ""flowcache_soft_prune_config_retained_old_ratio"": 0.45, ""flowcache_soft_prune_old_bits"": 4.0, ""flowcache_soft_prune_recent_bits"": 4.0, ""flowcache_soft_prune_refresh_gap_chunks"": 1.0}",5.4899017762036495,12604353536.0,11.73871898651123,636.1371441935189,63.61371441935189,84.43442093906924,12.335590702015907,13.257130719038088,0.4108099621142231,0.4754691463708878,0.9477702815358232,0.7258811440901323,0.9451818703333053,0.6470037281513215,FLOWCACHE_NATIVE_SOFT_PRUNE_INT4 | thr=1.5
combined,backfill_flowcache_prune_int2_990b60e0bbd4_10s,/data/vaishak/combined-kv-quant/results/runs/backfill_flowcache_prune_int2_990b60e0bbd4_10s,990b60e0bbd4,FLOWCACHE_PRUNE_INT2,FLOWCACHE_PRUNE,"{""benchmark"": ""moviegen"", ""bits"": 2, ""cache_policy"": {""cadence"": null, ""recent_blocks"": null}, ""method"": ""FLOWCACHE_PRUNE_INT2"", ""method_family"": ""FLOWCACHE_PRUNE"", ""quant_meta"": {""flowcache_prune_config_chunk_recent_ratio"": 0.25, ""flowcache_prune_config_important_old_ratio"": 0.1, ""flowcache_prune_config_retained_old_ratio"": 0.3, ""flowcache_prune_old_bits"": 2.0, ""flowcache_prune_recent_bits"": 4.0, ""flowcache_prune_refresh_gap_chunks"": 1.0}}","{""flowcache_prune_config_chunk_recent_ratio"": 0.25, ""flowcache_prune_config_important_old_ratio"": 0.1, ""flowcache_prune_config_retained_old_ratio"": 0.3, ""flowcache_prune_old_bits"": 2.0, ""flowcache_prune_recent_bits"": 4.0, ""flowcache_prune_refresh_gap_chunks"": 1.0}",7.77737386027257,11934087168.0,11.114484786987305,698.6769711636007,69.86769711636006,75.87786887120456,9.289468991104513,15.259703132417702,0.4665929622890667,0.48250288779155887,0.8969708698551829,0.6370552464456268,0.8324129128783214,0.5383639603853225,FLOWCACHE_PRUNE_INT2 | gap=1
combined,backfill_flowcache_prune_int2_f163dc4eb7a9_10s,/data/vaishak/combined-kv-quant/results/runs/backfill_flowcache_prune_int2_f163dc4eb7a9_10s,f163dc4eb7a9,FLOWCACHE_PRUNE_INT2,FLOWCACHE_PRUNE,"{""benchmark"": ""moviegen"", ""bits"": 2, ""cache_policy"": {""cadence"": null, ""recent_blocks"": null}, ""method"": ""FLOWCACHE_PRUNE_INT2"", ""method_family"": ""FLOWCACHE_PRUNE"", ""quant_meta"": {""flowcache_prune_config_chunk_recent_ratio"": 0.25, ""flowcache_prune_config_important_old_ratio"": 0.1, ""flowcache_prune_config_retained_old_ratio"": 0.45, ""flowcache_prune_old_bits"": 2.0, ""flowcache_prune_recent_bits"": 4.0, ""flowcache_prune_refresh_gap_chunks"": 1.0}}","{""flowcache_prune_config_chunk_recent_ratio"": 0.25, ""flowcache_prune_config_important_old_ratio"": 0.1, ""flowcache_prune_config_retained_old_ratio"": 0.45, ""flowcache_prune_old_bits"": 2.0, ""flowcache_prune_recent_bits"": 4.0, ""flowcache_prune_refresh_gap_chunks"": 1.0}",6.837159401322447,12571744256.0,11.708349227905273,726.0576951052062,72.60576951052062,78.37007641466334,10.436046933289617,15.319278736560355,0.45783463000532165,0.48077072565556705,0.8923476800685975,0.6211916660424436,0.8249634847590109,0.5190238386392594,FLOWCACHE_PRUNE_INT2 | gap=1 [f163dc]
combined,backfill_flowcache_prune_int4_27bbc04277fe_10s,/data/vaishak/combined-kv-quant/results/runs/backfill_flowcache_prune_int4_27bbc04277fe_10s,27bbc04277fe,FLOWCACHE_PRUNE_INT4,FLOWCACHE_PRUNE,"{""benchmark"": ""moviegen"", ""bits"": 4, ""cache_policy"": {""cadence"": null, ""recent_blocks"": null}, ""method"": ""FLOWCACHE_PRUNE_INT4"", ""method_family"": ""FLOWCACHE_PRUNE"", ""quant_meta"": {""flowcache_prune_config_chunk_recent_ratio"": 0.25, ""flowcache_prune_config_important_old_ratio"": 0.1, ""flowcache_prune_config_retained_old_ratio"": 0.45, ""flowcache_prune_old_bits"": 4.0, ""flowcache_prune_recent_bits"": 4.0, ""flowcache_prune_refresh_gap_chunks"": 1.0}}","{""flowcache_prune_config_chunk_recent_ratio"": 0.25, ""flowcache_prune_config_important_old_ratio"": 0.1, ""flowcache_prune_config_retained_old_ratio"": 0.45, ""flowcache_prune_old_bits"": 4.0, ""flowcache_prune_recent_bits"": 4.0, ""flowcache_prune_refresh_gap_chunks"": 1.0}",5.498061668232775,12571744256.0,11.708349227905273,722.210502914153,72.22105029141531,78.5329250660725,10.42276755347848,15.30039834083438,0.45688496476167184,0.41186651332825985,0.9343040652391387,0.7269371415109346,0.9162930477592276,0.6443885028362274,FLOWCACHE_PRUNE_INT4
combined,backfill_flowcache_soft_prune_int2_24b7f6c1cfbb_10s,/data/vaishak/combined-kv-quant/results/runs/backfill_flowcache_soft_prune_int2_24b7f6c1cfbb_10s,24b7f6c1cfbb,FLOWCACHE_SOFT_PRUNE_INT2,FLOWCACHE_SOFT_PRUNE,"{""benchmark"": ""moviegen"", ""bits"": 2, ""cache_policy"": {""cadence"": null, ""recent_blocks"": null}, ""method"": ""FLOWCACHE_SOFT_PRUNE_INT2"", ""method_family"": ""FLOWCACHE_SOFT_PRUNE"", ""quant_meta"": {""flowcache_soft_prune_config_chunk_recent_ratio"": 0.25, ""flowcache_soft_prune_config_important_old_ratio"": 0.1, ""flowcache_soft_prune_config_retained_old_ratio"": 0.45, ""flowcache_soft_prune_old_bits"": 2.0, ""flowcache_soft_prune_recent_bits"": 4.0, ""flowcache_soft_prune_refresh_gap_chunks"": 1.0}}","{""flowcache_soft_prune_config_chunk_recent_ratio"": 0.25, ""flowcache_soft_prune_config_important_old_ratio"": 0.1, ""flowcache_soft_prune_config_retained_old_ratio"": 0.45, ""flowcache_soft_prune_old_bits"": 2.0, ""flowcache_soft_prune_recent_bits"": 4.0, ""flowcache_soft_prune_refresh_gap_chunks"": 1.0}",6.824545203105587,12575000576.0,11.711381912231445,761.1785025922582,76.11785025922582,103.58567247632891,19.710297503042966,15.837993563094821,0.4822011933943792,0.43980203017775865,0.9066181461985519,0.6622621002428459,0.8522941766261327,0.5606839478015899,FLOWCACHE_SOFT_PRUNE_INT2
combined,backfill_flowcache_soft_prune_int4_5f5a998802bd_10s,/data/vaishak/combined-kv-quant/results/runs/backfill_flowcache_soft_prune_int4_5f5a998802bd_10s,5f5a998802bd,FLOWCACHE_SOFT_PRUNE_INT4,FLOWCACHE_SOFT_PRUNE,"{""benchmark"": ""moviegen"", ""bits"": 4, ""cache_policy"": {""cadence"": null, ""recent_blocks"": null}, ""method"": ""FLOWCACHE_SOFT_PRUNE_INT4"", ""method_family"": ""FLOWCACHE_SOFT_PRUNE"", ""quant_meta"": {""flowcache_soft_prune_config_chunk_recent_ratio"": 0.25, ""flowcache_soft_prune_config_important_old_ratio"": 0.1, ""flowcache_soft_prune_config_retained_old_ratio"": 0.45, ""flowcache_soft_prune_old_bits"": 4.0, ""flowcache_soft_prune_recent_bits"": 4.0, ""flowcache_soft_prune_refresh_gap_chunks"": 1.0}}","{""flowcache_soft_prune_config_chunk_recent_ratio"": 0.25, ""flowcache_soft_prune_config_important_old_ratio"": 0.1, ""flowcache_soft_prune_config_retained_old_ratio"": 0.45, ""flowcache_soft_prune_old_bits"": 4.0, ""flowcache_soft_prune_recent_bits"": 4.0, ""flowcache_soft_prune_refresh_gap_chunks"": 1.0}",5.4899017762036495,12575000576.0,11.711381912231445,749.9540415573865,74.99540415573865,92.4467812650837,15.47590420069173,17.673425812234832,0.5441752781228474,0.29745334073499013,0.9475742247046494,0.7390279605749882,0.9461035509298488,0.6552892684936523,FLOWCACHE_SOFT_PRUNE_INT4
suraj,baseline10s_10prompts_v3,/data/suraj/kv-quant-longhorizon/results/runs/1772751420_baseline10s_10prompts_v3,07ef11189f21,KIVI_INT2,KIVI,"{""benchmark"": ""moviegen"", ""bits"": 2, ""cache_policy"": {""cadence"": null, ""recent_blocks"": null}, ""method"": ""KIVI_INT2"", ""method_family"": ""KIVI"", ""quant_meta"": {}}",{},5.314878892733564,21464555520.0,19.99042510986328,954.7730955900624,95.47730955900624,7.916352194733918,2.375239360611886,11.423966466590008,0.24141361134470113,0.6714347249626493,0.8174360321789254,0.6211140776663115,0.6682321528586127,0.4612638741731644,KIVI_INT2
suraj,baseline10s_10prompts_v3,/data/suraj/kv-quant-longhorizon/results/runs/1772751420_baseline10s_10prompts_v3,69f09414a336,KIVI_INT4,KIVI,"{""benchmark"": ""moviegen"", ""bits"": 4, ""cache_policy"": {""cadence"": null, ""recent_blocks"": null}, ""method"": ""KIVI_INT4"", ""method_family"": ""KIVI"", ""quant_meta"": {}}",{},3.1933471933471935,21464555520.0,19.99042510986328,926.8624277589843,92.68624277589842,7.791066000703722,2.3289497434161603,13.069844169550578,0.4047657250155353,0.5708676137807638,0.9146398032583841,0.6812060567913634,0.8712520774363017,0.6032911539077759,KIVI_INT4
suraj,1773038789_newideas10s_10prompts,/data/suraj/kv-quant-longhorizon/results/runs/1773038789_newideas10s_10prompts,7f8b57339986,KIVI_INT4_REFRESH,KIVI,"{""benchmark"": ""moviegen"", ""bits"": 4, ""cache_policy"": {""cadence"": ""refresh_only"", ""recent_blocks"": 0}, ""method"": ""KIVI_INT4_REFRESH"", ""method_family"": ""KIVI"", ""quant_meta"": {}}",{},3.1933471933471935,24301124096.0,22.632185459136963,680.5237082317472,68.05237082317471,4.9181237276643515,2.355167135130614,13.732882428595252,0.4203463247104639,0.5094846755246435,0.924493408203125,0.7137196755149147,0.886262257415347,0.6198575019836425,KIVI_INT4_REFRESH
combined,backfill_prq_int2_c800cfa2a981_10s,/data/vaishak/combined-kv-quant/results/runs/backfill_prq_int2_c800cfa2a981_10s,c800cfa2a981,PRQ_INT2,PRQ,"{""benchmark"": ""moviegen"", ""bits"": 2, ""cache_policy"": {""cadence"": null, ""recent_blocks"": null}, ""method"": ""PRQ_INT2"", ""method_family"": ""PRQ"", ""quant_meta"": {}}",{},2.0,22211481600.0,20.686054229736328,1566.342663175892,156.6342663175892,717.4045450384729,3.208193846512586,25.13325426823406,0.7996851891663559,0.09382666523582442,0.9542493866711128,0.7392421667387992,0.9551983818048384,0.6686408281326294,PRQ_INT2
combined,backfill_prq_int4_23a612bd2862_10s,/data/vaishak/combined-kv-quant/results/runs/backfill_prq_int4_23a612bd2862_10s,23a612bd2862,PRQ_INT4,PRQ,"{""benchmark"": ""moviegen"", ""bits"": 4, ""cache_policy"": {""cadence"": null, ""recent_blocks"": null}, ""method"": ""PRQ_INT4"", ""method_family"": ""PRQ"", ""quant_meta"": {}}",{},1.6,22211481600.0,20.686054229736328,1599.7060577059165,159.97060577059165,754.2994032362476,3.4956880966201425,26.544649639821632,0.8238815013236034,0.08188168756716716,0.955413222894436,0.7388862560387812,0.9560520623151849,0.665183013677597,PRQ_INT4
combined,backfill_qaq_int2_dcc080e7d18f_10s,/data/vaishak/combined-kv-quant/results/runs/backfill_qaq_int2_dcc080e7d18f_10s,dcc080e7d18f,QAQ_INT2,QAQ,"{""benchmark"": ""moviegen"", ""bits"": 2, ""cache_policy"": {""cadence"": null, ""recent_blocks"": null}, ""method"": ""QAQ_INT2"", ""method_family"": ""QAQ"", ""quant_meta"": {}}",{},5.1842141114253595,15484902400.0,14.421439170837402,1097.8026887448505,109.78026887448505,409.90442078979686,4.161911801435053,13.336398316505315,0.36463203220442764,0.5299115618903923,0.8681222310880335,0.6199706425522313,0.7892443563624444,0.5383023738861084,QAQ_INT2
combined,backfill_qaq_int4_aa6e42af3d16_10s,/data/vaishak/combined-kv-quant/results/runs/backfill_qaq_int4_aa6e42af3d16_10s,aa6e42af3d16,QAQ_INT4,QAQ,"{""benchmark"": ""moviegen"", ""bits"": 4, ""cache_policy"": {""cadence"": null, ""recent_blocks"": null}, ""method"": ""QAQ_INT4"", ""method_family"": ""QAQ"", ""quant_meta"": {}}",{},3.144803772045112,15485262848.0,14.421774864196777,1100.0652182004414,110.00652182004414,411.14022973692045,4.150142133235931,11.967960672907715,0.2616700878983628,0.6469745024141262,0.8217271013957698,0.5889178654295025,0.6863354134523855,0.4982304126024246,QAQ_INT4
suraj,baseline10s_10prompts_v3,/data/suraj/kv-quant-longhorizon/results/runs/1772751420_baseline10s_10prompts_v3,25522089e304,QUAROT_KV_INT2,QUAROT_KV,"{""benchmark"": ""moviegen"", ""bits"": 2, ""cache_policy"": {""cadence"": null, ""recent_blocks"": null}, ""method"": ""QUAROT_KV_INT2"", ""method_family"": ""QUAROT_KV"", ""quant_meta"": {}}",{},5.333333333333333,21456691200.0,19.98310089111328,2420.180916351266,242.0180916351266,23.702160724438727,19.18562090350315,14.730957849036548,0.4402812439293854,0.46704885759038123,0.874416816525343,0.6007509638006038,0.7955866665284081,0.5228879988193512,QUAROT_KV_INT2
suraj,baseline10s_10prompts_v3,/data/suraj/kv-quant-longhorizon/results/runs/1772751420_baseline10s_10prompts_v3,1a32fb70e666,QUAROT_KV_INT4,QUAROT_KV,"{""benchmark"": ""moviegen"", ""bits"": 4, ""cache_policy"": {""cadence"": null, ""recent_blocks"": null}, ""method"": ""QUAROT_KV_INT4"", ""method_family"": ""QUAROT_KV"", ""quant_meta"": {}}",{},3.2,21456691200.0,19.98310089111328,2366.027616643347,236.60276166433468,22.446207986213267,17.987966725137085,22.641991291793474,0.7239981460306353,0.14831222969057942,0.9507386742568598,0.7375720150340688,0.9489172592759132,0.6579194366931915,QUAROT_KV_INT4
suraj,1773038789_newideas10s_10prompts,/data/suraj/kv-quant-longhorizon/results/runs/1773038789_newideas10s_10prompts,9d4cb6a1d81e,QUAROT_KV_INT4_RECENT2,QUAROT_KV,"{""benchmark"": ""moviegen"", ""bits"": 4, ""cache_policy"": {""cadence"": ""per_step"", ""recent_blocks"": 2}, ""method"": ""QUAROT_KV_INT4_RECENT2"", ""method_family"": ""QUAROT_KV"", ""quant_meta"": {}}",{},2.4347826086956523,23284492800.0,21.685373783111572,1113.0477134510875,111.30477134510875,19.1965112965554,15.730533472727984,,0.7057822707828502,0.18341852279909676,0.9432861328125,0.7302481259201514,0.9309045010587064,0.6413368940353393,QUAROT_KV_INT4_RECENT2
suraj,baseline10s_10prompts_v3,/data/suraj/kv-quant-longhorizon/results/runs/1772751420_baseline10s_10prompts_v3,cb9b6c981287,RTN_INT2,RTN,"{""benchmark"": ""moviegen"", ""bits"": 2, ""cache_policy"": {""cadence"": null, ""recent_blocks"": null}, ""method"": ""RTN_INT2"", ""method_family"": ""RTN"", ""quant_meta"": {}}",{},5.333333333333333,21456691200.0,19.98310089111328,871.160779605154,87.1160779605154,5.172945570666343,1.539141824003309,15.044382172704601,0.45148609955356944,0.4749773300278255,0.860675644293064,0.5668396699847597,0.7884887743650413,0.5068008303642273,RTN_INT2
suraj,baseline10s_10prompts_v3,/data/suraj/kv-quant-longhorizon/results/runs/1772751420_baseline10s_10prompts_v3,38e1ba7158a6,RTN_INT4,RTN,"{""benchmark"": ""moviegen"", ""bits"": 4, ""cache_policy"": {""cadence"": null, ""recent_blocks"": null}, ""method"": ""RTN_INT4"", ""method_family"": ""RTN"", ""quant_meta"": {}}",{},3.2,21456691200.0,19.98310089111328,862.6356853013858,86.26356853013858,5.455053005833179,1.6231011464260519,21.32045230697806,0.6880432589672065,0.18028859936159503,0.9452598013528963,0.7352976711619984,0.940525766516604,0.6472699463367462,RTN_INT4
suraj,1773038789_newideas10s_10prompts,/data/suraj/kv-quant-longhorizon/results/runs/1773038789_newideas10s_10prompts,a529c4b9b5bc,RTN_INT4_RECENT2,RTN,"{""benchmark"": ""moviegen"", ""bits"": 4, ""cache_policy"": {""cadence"": ""per_step"", ""recent_blocks"": 2}, ""method"": ""RTN_INT4_RECENT2"", ""method_family"": ""RTN"", ""quant_meta"": {}}",{},2.4347826086956523,22950228480.0,21.37406587600708,688.6369885755703,68.86369885755703,5.127848951146007,1.7522967620752752,23.691832257108995,0.7319636202635206,0.14821119446337408,0.9489960461128049,0.7355547964153868,0.9444047310730306,0.6474178016185761,RTN_INT4_RECENT2
suraj,1773038789_newideas10s_10prompts,/data/suraj/kv-quant-longhorizon/results/runs/1773038789_newideas10s_10prompts,c3dbce195491,RTN_INT4_REFRESH,RTN,"{""benchmark"": ""moviegen"", ""bits"": 4, ""cache_policy"": {""cadence"": ""refresh_only"", ""recent_blocks"": 0}, ""method"": ""RTN_INT4_REFRESH"", ""method_family"": ""RTN"", ""quant_meta"": {}}",{},3.2,24305333760.0,22.63610601425171,650.4662615554407,65.04662615554408,7.940657895989716,1.5729529564268887,21.449570992474165,0.6934404228337129,0.17771532983251032,0.9468218547541921,0.7360971578424628,0.9406627426060234,0.648764455318451,RTN_INT4_REFRESH
combined,backfill_spatial_mixed_fg_kivi_int4_bg_kivi_int2_3d327a450ca5_10s,/data/vaishak/combined-kv-quant/results/runs/backfill_spatial_mixed_fg_kivi_int4_bg_kivi_int2_3d327a450ca5_10s,3d327a450ca5,SPATIAL_MIXED_FG_KIVI_INT4_BG_KIVI_INT2,SPATIAL_MIXED,"{""benchmark"": ""moviegen"", ""bits"": 4, ""cache_policy"": {""cadence"": null, ""recent_blocks"": null}, ""method"": ""SPATIAL_MIXED_FG_KIVI_INT4_BG_KIVI_INT2"", ""method_family"": ""SPATIAL_MIXED"", ""quant_meta"": {""spatial_mask_policy"": ""topk"", ""spatial_max_foreground_ratio"": 0.9, ""spatial_min_foreground_ratio"": 0.6, ""spatial_target_foreground_ratio"": 0.8, ""spatial_variance_threshold"": 0.02}}","{""spatial_mask_policy"": ""topk"", ""spatial_max_foreground_ratio"": 0.9, ""spatial_min_foreground_ratio"": 0.6, ""spatial_target_foreground_ratio"": 0.8, ""spatial_variance_threshold"": 0.02}",3.452849275036529,15443957760.0,14.383306503295898,1103.5898616528139,110.35898616528138,262.88265738263726,7.134079863782972,13.722900465152122,0.42678686803423493,0.6417719486660578,0.8539593952458079,0.5288600404854977,0.7288841926856193,0.5074459552764893,SPATIAL_MIXED_FG_KIVI_INT4_BG_KIVI_INT2
combined,backfill_spatial_mixed_fg_quarot_kv_int4_bg_rtn_int2_af0e1883d58d_10s,/data/vaishak/combined-kv-quant/results/runs/backfill_spatial_mixed_fg_quarot_kv_int4_bg_rtn_int2_af0e1883d58d_10s,af0e1883d58d,SPATIAL_MIXED_FG_QUAROT_KV_INT4_BG_RTN_INT2,SPATIAL_MIXED,"{""benchmark"": ""moviegen"", ""bits"": 4, ""cache_policy"": {""cadence"": null, ""recent_blocks"": null}, ""method"": ""SPATIAL_MIXED_FG_QUAROT_KV_INT4_BG_RTN_INT2"", ""method_family"": ""SPATIAL_MIXED"", ""quant_meta"": {""spatial_mask_policy"": ""topk"", ""spatial_max_foreground_ratio"": 0.9, ""spatial_min_foreground_ratio"": 0.6, ""spatial_target_foreground_ratio"": 0.8, ""spatial_variance_threshold"": 0.02}}","{""spatial_mask_policy"": ""topk"", ""spatial_max_foreground_ratio"": 0.9, ""spatial_min_foreground_ratio"": 0.6, ""spatial_target_foreground_ratio"": 0.8, ""spatial_variance_threshold"": 0.02}",3.460628590740115,15436062720.0,14.375953674316406,2248.2262726742774,224.82262726742775,268.9523875443265,23.50940816476941,14.059675645819897,0.43267424818669326,0.5696421015539178,0.8112565947741996,0.39872384853941023,0.6645718563711498,0.3988208919763565,SPATIAL_MIXED_FG_QUAROT_KV_INT4_BG_RTN_INT2
combined,backfill_spatial_mixed_fg_rtn_int4_bg_rtn_int2_1f080d8dcc0e_10s,/data/vaishak/combined-kv-quant/results/runs/backfill_spatial_mixed_fg_rtn_int4_bg_rtn_int2_1f080d8dcc0e_10s,1f080d8dcc0e,SPATIAL_MIXED_FG_RTN_INT4_BG_RTN_INT2,SPATIAL_MIXED,"{""benchmark"": ""moviegen"", ""bits"": 4, ""cache_policy"": {""cadence"": null, ""recent_blocks"": null}, ""method"": ""SPATIAL_MIXED_FG_RTN_INT4_BG_RTN_INT2"", ""method_family"": ""SPATIAL_MIXED"", ""quant_meta"": {""spatial_mask_policy"": ""hybrid"", ""spatial_max_foreground_ratio"": 0.85, ""spatial_min_foreground_ratio"": 0.45, ""spatial_target_foreground_ratio"": 0.65, ""spatial_variance_threshold"": 0.02}}","{""spatial_mask_policy"": ""hybrid"", ""spatial_max_foreground_ratio"": 0.85, ""spatial_min_foreground_ratio"": 0.45, ""spatial_target_foreground_ratio"": 0.65, ""spatial_variance_threshold"": 0.02}",3.6834076158436915,15437736960.0,14.37751293182373,1066.2729180403985,106.62729180403986,260.7455882006325,6.268201748840511,13.92686155493358,0.4211705092680452,0.5580131000688187,0.8088628257193217,0.4113205506642659,0.6712868405449227,0.4035295695066452,"SPATIAL_MIXED_FG_RTN_INT4_BG_RTN_INT2 | var=0.02, fg=0.65"
combined,backfill_spatial_mixed_fg_rtn_int4_bg_rtn_int2_bae80e29fbb6_10s,/data/vaishak/combined-kv-quant/results/runs/backfill_spatial_mixed_fg_rtn_int4_bg_rtn_int2_bae80e29fbb6_10s,bae80e29fbb6,SPATIAL_MIXED_FG_RTN_INT4_BG_RTN_INT2,SPATIAL_MIXED,"{""benchmark"": ""moviegen"", ""bits"": 4, ""cache_policy"": {""cadence"": null, ""recent_blocks"": null}, ""method"": ""SPATIAL_MIXED_FG_RTN_INT4_BG_RTN_INT2"", ""method_family"": ""SPATIAL_MIXED"", ""quant_meta"": {""spatial_mask_policy"": ""topk"", ""spatial_max_foreground_ratio"": 0.9, ""spatial_min_foreground_ratio"": 0.6, ""spatial_target_foreground_ratio"": 0.8, ""spatial_variance_threshold"": 0.02}}","{""spatial_mask_policy"": ""topk"", ""spatial_max_foreground_ratio"": 0.9, ""spatial_min_foreground_ratio"": 0.6, ""spatial_target_foreground_ratio"": 0.8, ""spatial_variance_threshold"": 0.02}",3.460628590740115,15469802496.0,14.407376289367676,1046.6519971648231,104.6651997164823,255.28062730748206,6.008090666495264,13.966800163951893,0.43468379605169866,0.5805360584538148,0.8091083805735518,0.3922776148189198,0.6607189381375863,0.3893506348133087,"SPATIAL_MIXED_FG_RTN_INT4_BG_RTN_INT2 | var=0.02, fg=0.8"
combined,backfill_spatial_mixed_fg_rtn_int4_bg_rtn_int4_04d60f52e048_10s,/data/vaishak/combined-kv-quant/results/runs/backfill_spatial_mixed_fg_rtn_int4_bg_rtn_int4_04d60f52e048_10s,04d60f52e048,SPATIAL_MIXED_FG_RTN_INT4_BG_RTN_INT4,SPATIAL_MIXED,"{""benchmark"": ""moviegen"", ""bits"": 4, ""cache_policy"": {""cadence"": null, ""recent_blocks"": null}, ""method"": ""SPATIAL_MIXED_FG_RTN_INT4_BG_RTN_INT4"", ""method_family"": ""SPATIAL_MIXED"", ""quant_meta"": {""spatial_mask_policy"": ""hybrid"", ""spatial_max_foreground_ratio"": 0.85, ""spatial_min_foreground_ratio"": 0.45, ""spatial_target_foreground_ratio"": 0.65, ""spatial_variance_threshold"": 0.02}}","{""spatial_mask_policy"": ""hybrid"", ""spatial_max_foreground_ratio"": 0.85, ""spatial_min_foreground_ratio"": 0.45, ""spatial_target_foreground_ratio"": 0.65, ""spatial_variance_threshold"": 0.02}",3.1842960066066124,15437736960.0,14.37751293182373,1054.57801766973,105.45780176697299,257.3296868884936,6.589174276217818,18.88662786205113,0.5772292484746484,0.30993145835832836,0.9192619509813262,0.6933526718139648,0.8834387223895003,0.5834337115287781,"SPATIAL_MIXED_FG_RTN_INT4_BG_RTN_INT4 | var=0.02, fg=0.65"
combined,backfill_spatial_mixed_fg_rtn_int4_bg_rtn_int4_580e67e08d8e_10s,/data/vaishak/combined-kv-quant/results/runs/backfill_spatial_mixed_fg_rtn_int4_bg_rtn_int4_580e67e08d8e_10s,580e67e08d8e,SPATIAL_MIXED_FG_RTN_INT4_BG_RTN_INT4,SPATIAL_MIXED,"{""benchmark"": ""moviegen"", ""bits"": 4, ""cache_policy"": {""cadence"": null, ""recent_blocks"": null}, ""method"": ""SPATIAL_MIXED_FG_RTN_INT4_BG_RTN_INT4"", ""method_family"": ""SPATIAL_MIXED"", ""quant_meta"": {""spatial_mask_policy"": ""topk"", ""spatial_max_foreground_ratio"": 0.9, ""spatial_min_foreground_ratio"": 0.6, ""spatial_target_foreground_ratio"": 0.8, ""spatial_variance_threshold"": 0.02}}","{""spatial_mask_policy"": ""topk"", ""spatial_max_foreground_ratio"": 0.9, ""spatial_min_foreground_ratio"": 0.6, ""spatial_target_foreground_ratio"": 0.8, ""spatial_variance_threshold"": 0.02}",3.1850699844479005,15436062720.0,14.375953674316406,1022.923517045565,102.2923517045565,254.48070684820414,5.685503403190523,19.05325566789038,0.583199066129185,0.30541932406157934,0.9191836473418445,0.6934267116431034,0.8834995550535074,0.5882301092147827,"SPATIAL_MIXED_FG_RTN_INT4_BG_RTN_INT4 | var=0.02, fg=0.8"
combined,backfill_tptq_int2_089f989f38f6_10s,/data/vaishak/combined-kv-quant/results/runs/backfill_tptq_int2_089f989f38f6_10s,089f989f38f6,TPTQ_INT2,TPTQ,"{""benchmark"": ""moviegen"", ""bits"": 2, ""cache_policy"": {""cadence"": null, ""recent_blocks"": null}, ""method"": ""TPTQ_INT2"", ""method_family"": ""TPTQ"", ""quant_meta"": {""tptq_config_recent_ratio"": 0.15, ""tptq_old_bits"": 2.0, ""tptq_outlier_max_ratio"": 0.001, ""tptq_outlier_threshold"": 6.0, ""tptq_recent_bits"": 4.0, ""tptq_residual_bits"": 2.0}}","{""tptq_config_recent_ratio"": 0.15, ""tptq_old_bits"": 2.0, ""tptq_outlier_max_ratio"": 0.001, ""tptq_outlier_threshold"": 6.0, ""tptq_recent_bits"": 4.0, ""tptq_residual_bits"": 2.0}",2.7166268178909103,21318755840.0,19.85463857650757,1672.2279411405325,167.22279411405324,877.410262524616,8.281300796195865,19.90616684978385,0.6267608343876978,0.23966831435477642,0.9420317859184452,0.7237054169857141,0.9264179406187883,0.6290869057178498,"TPTQ_INT2 | recent=0.15, out=0.001"
combined,backfill_tptq_int2_2babecc6bab8_10s,/data/vaishak/combined-kv-quant/results/runs/backfill_tptq_int2_2babecc6bab8_10s,2babecc6bab8,TPTQ_INT2,TPTQ,"{""benchmark"": ""moviegen"", ""bits"": 2, ""cache_policy"": {""cadence"": null, ""recent_blocks"": null}, ""method"": ""TPTQ_INT2"", ""method_family"": ""TPTQ"", ""quant_meta"": {""tptq_config_recent_ratio"": 0.2, ""tptq_old_bits"": 2.0, ""tptq_outlier_max_ratio"": 0.002, ""tptq_outlier_threshold"": 6.0, ""tptq_recent_bits"": 4.0, ""tptq_residual_bits"": 2.0}}","{""tptq_config_recent_ratio"": 0.2, ""tptq_old_bits"": 2.0, ""tptq_outlier_max_ratio"": 0.002, ""tptq_outlier_threshold"": 6.0, ""tptq_recent_bits"": 4.0, ""tptq_residual_bits"": 2.0}",2.73654747786717,20888383488.0,19.45382308959961,1611.8376508788206,161.18376508788205,865.4509681798518,7.742314952425659,20.236669949401698,0.6503437795210414,0.20170031866616092,0.9465145948456555,0.7313574913256095,0.9436347761532156,0.6477518200874328,"TPTQ_INT2 | recent=0.2, out=0.002"
combined,backfill_tptq_int2_351b43b37ce8_10s,/data/vaishak/combined-kv-quant/results/runs/backfill_tptq_int2_351b43b37ce8_10s,351b43b37ce8,TPTQ_INT2,TPTQ,"{""benchmark"": ""moviegen"", ""bits"": 2, ""cache_policy"": {""cadence"": null, ""recent_blocks"": null}, ""method"": ""TPTQ_INT2"", ""method_family"": ""TPTQ"", ""quant_meta"": {""tptq_config_recent_ratio"": 0.25, ""tptq_old_bits"": 2.0, ""tptq_outlier_max_ratio"": 0.003, ""tptq_outlier_threshold"": 6.0, ""tptq_recent_bits"": 4.0, ""tptq_residual_bits"": 2.0}}","{""tptq_config_recent_ratio"": 0.25, ""tptq_old_bits"": 2.0, ""tptq_outlier_max_ratio"": 0.003, ""tptq_outlier_threshold"": 6.0, ""tptq_recent_bits"": 4.0, ""tptq_residual_bits"": 2.0}",2.758230901807033,20553806336.0,19.142223834991455,1587.9068468487822,158.79068468487822,828.7946711080149,8.620041748974472,20.448498218792768,0.6622711551693353,0.18390340569577263,0.9514992318502287,0.7371330621430369,0.9491250888421768,0.6586676120758057,"TPTQ_INT2 | recent=0.25, out=0.003"
combined,backfill_tptq_int2_44c4da374609_10s,/data/vaishak/combined-kv-quant/results/runs/backfill_tptq_int2_44c4da374609_10s,44c4da374609,TPTQ_INT2,TPTQ,"{""benchmark"": ""moviegen"", ""bits"": 2, ""cache_policy"": {""cadence"": null, ""recent_blocks"": null}, ""method"": ""TPTQ_INT2"", ""method_family"": ""TPTQ"", ""quant_meta"": {""tptq_config_recent_ratio"": 0.3, ""tptq_old_bits"": 2.0, ""tptq_outlier_max_ratio"": 0.005, ""tptq_outlier_threshold"": 6.0, ""tptq_recent_bits"": 4.0, ""tptq_residual_bits"": 2.0}}","{""tptq_config_recent_ratio"": 0.3, ""tptq_old_bits"": 2.0, ""tptq_outlier_max_ratio"": 0.005, ""tptq_outlier_threshold"": 6.0, ""tptq_recent_bits"": 4.0, ""tptq_residual_bits"": 2.0}",2.782135801551909,20214006784.0,18.82576084136963,1566.180640770588,156.61806407705882,834.1001250045374,9.028950871434063,20.61371304644481,0.6692476371130318,0.17432373586527045,0.951976943597561,0.739169234975179,0.9511281455435404,0.6621558725833893,"TPTQ_INT2 | recent=0.3, out=0.005"
